Portefølje vægte,AAPL,MSFT,AMZN,GOOGL,BRK-B,TSLA,NVDA,GOOG,UNH,JPM,AVGO,V,BAC,HD,MA,MRK,ABBV,LLY,UPS,CAT
02/01/2020,-10%,20%,13%,0%,20%,9%,-4%,20%,-10%,20%,19%,0%,-9%,-10%,20%,20%,-9%,-2%,-10%,3%
03/01/2020,12%,-10%,-10%,17%,20%,20%,-10%,20%,10%,-10%,-10%,2%,-10%,20%,-1%,20%,-10%,20%,20%,-10%
06/01/2020,11%,-10%,20%,20%,20%,10%,-6%,20%,19%,-5%,-10%,-10%,-10%,20%,-10%,20%,8%,13%,-10%,-10%
07/01/2020,-10%,-10%,20%,-10%,20%,20%,20%,20%,19%,-10%,-4%,20%,-10%,14%,-9%,-10%,-10%,20%,20%,-10%
08/01/2020,19%,20%,-10%,-10%,-10%,17%,-10%,-6%,20%,20%,-10%,20%,-1%,20%,13%,-10%,-1%,20%,5%,-5%
09/01/2020,20%,20%,-10%,-7%,20%,-10%,0%,20%,-10%,13%,-10%,-10%,-10%,20%,20%,20%,1%,20%,2%,-10%
10/01/2020,20%,-10%,-10%,20%,-10%,-4%,8%,20%,20%,-10%,-10%,20%,-4%,20%,20%,20%,-10%,20%,-10%,-10%
13/01/2020,20%,19%,-10%,6%,20%,20%,9%,-10%,-10%,20%,-10%,-10%,-3%,-10%,20%,10%,-10%,20%,20%,-10%
14/01/2020,-10%,-10%,-10%,-10%,-10%,12%,-10%,2%,20%,20%,20%,20%,18%,13%,-10%,20%,-9%,20%,20%,-7%
15/01/2020,-10%,9%,-10%,-2%,20%,-10%,-10%,20%,20%,-10%,-10%,20%,-10%,20%,20%,20%,7%,5%,20%,-10%
16/01/2020,13%,20%,-10%,-10%,19%,-10%,-3%,14%,20%,-4%,12%,-10%,-10%,20%,20%,-10%,-10%,16%,7%,17%
17/01/2020,19%,-8%,-10%,20%,20%,-7%,-10%,20%,-10%,20%,9%,20%,-10%,20%,20%,17%,-10%,-10%,0%,-10%
21/01/2020,-10%,-5%,17%,-10%,-10%,20%,-7%,20%,20%,20%,14%,20%,-10%,20%,-3%,20%,-6%,0%,0%,-10%
22/01/2020,-10%,-10%,-10%,-10%,20%,20%,20%,20%,20%,-10%,20%,-10%,20%,20%,20%,-10%,-10%,20%,-10%,-10%
23/01/2020,-10%,20%,1%,-10%,20%,2%,-2%,15%,14%,20%,20%,-10%,-10%,20%,20%,3%,-10%,11%,-3%,-10%
24/01/2020,20%,20%,2%,-9%,20%,2%,-5%,-10%,-10%,-10%,20%,20%,-10%,20%,20%,-10%,-10%,20%,20%,-10%
27/01/2020,-10%,5%,20%,-10%,12%,13%,-10%,-10%,-10%,20%,-10%,20%,-10%,20%,-10%,20%,20%,20%,20%,-10%
28/01/2020,20%,20%,-10%,-10%,-5%,-1%,8%,13%,5%,20%,20%,-10%,1%,20%,9%,5%,-10%,20%,-6%,-10%
29/01/2020,3%,20%,13%,-10%,20%,20%,-5%,16%,-10%,18%,2%,20%,-10%,-10%,-6%,20%,-7%,-7%,20%,-7%
30/01/2020,-10%,20%,7%,-2%,20%,20%,-6%,-10%,-10%,20%,6%,20%,5%,-10%,20%,14%,-10%,10%,-10%,5%
31/01/2020,-10%,20%,20%,15%,20%,20%,-10%,-10%,-10%,10%,17%,-10%,9%,9%,12%,20%,1%,-4%,-10%,-10%
03/02/2020,-10%,20%,-5%,20%,18%,15%,-3%,20%,12%,20%,1%,-3%,-10%,-4%,20%,20%,-7%,-3%,-10%,-10%
04/02/2020,-10%,20%,15%,-10%,-8%,18%,-10%,-10%,12%,20%,20%,-10%,1%,-4%,20%,20%,-2%,-2%,20%,1%
05/02/2020,-10%,20%,-6%,-10%,20%,-10%,-10%,9%,20%,20%,20%,-10%,15%,-4%,1%,-8%,7%,20%,20%,-5%
06/02/2020,-10%,20%,9%,20%,20%,8%,-3%,20%,-10%,11%,13%,-10%,-10%,-10%,6%,20%,2%,-6%,20%,-10%
07/02/2020,-10%,20%,12%,1%,8%,2%,-10%,20%,-10%,20%,20%,10%,13%,-10%,-10%,20%,20%,3%,-10%,-10%
10/02/2020,-10%,20%,20%,-10%,-10%,20%,20%,20%,-10%,20%,-10%,20%,-10%,20%,-10%,20%,20%,-10%,-10%,-10%
11/02/2020,-10%,-10%,9%,20%,20%,3%,-8%,-8%,20%,20%,20%,-10%,-8%,1%,20%,20%,0%,-10%,20%,-9%
12/02/2020,17%,-10%,-5%,8%,20%,-10%,-6%,-10%,20%,-10%,20%,20%,4%,-10%,18%,4%,0%,6%,20%,3%
13/02/2020,-10%,-10%,16%,-10%,20%,20%,-10%,-6%,6%,20%,17%,9%,-1%,20%,20%,12%,-10%,-10%,17%,-9%
14/02/2020,-10%,20%,-10%,-2%,20%,0%,13%,20%,-10%,-10%,-10%,20%,-10%,20%,20%,20%,-10%,10%,19%,-10%
18/02/2020,-10%,20%,3%,17%,20%,20%,0%,-10%,16%,-9%,2%,20%,-10%,-8%,17%,20%,-10%,-9%,20%,-10%
19/02/2020,20%,-10%,-10%,-10%,20%,20%,20%,20%,20%,20%,-10%,20%,-10%,-10%,20%,-10%,20%,-10%,-10%,-10%
20/02/2020,-9%,-10%,-10%,18%,20%,-7%,-7%,-10%,-9%,20%,-8%,-10%,20%,20%,20%,20%,2%,20%,0%,20%
21/02/2020,-10%,-10%,-10%,-10%,20%,3%,-10%,-10%,20%,20%,10%,-10%,2%,20%,14%,20%,10%,20%,-10%,20%
24/02/2020,20%,-10%,-10%,-10%,-10%,20%,20%,-10%,-10%,20%,20%,-10%,20%,20%,-10%,20%,20%,-10%,-10%,20%
25/02/2020,-10%,20%,20%,20%,20%,-10%,-10%,20%,-10%,-10%,20%,-10%,-10%,20%,-10%,20%,-10%,20%,-10%,20%
26/02/2020,5%,20%,6%,20%,6%,-10%,-6%,20%,20%,20%,20%,-9%,-10%,-10%,-10%,20%,1%,-10%,17%,-10%
27/02/2020,-10%,-10%,20%,-10%,-10%,20%,20%,-10%,20%,20%,20%,-10%,20%,-10%,20%,-10%,20%,-10%,-10%,20%
28/02/2020,-10%,20%,-10%,20%,20%,-8%,5%,20%,20%,-10%,7%,20%,-10%,-10%,20%,20%,-7%,-9%,11%,-10%
02/03/2020,-10%,20%,3%,-10%,20%,4%,-5%,20%,20%,20%,16%,20%,-10%,-3%,-6%,20%,-2%,-10%,3%,-10%
03/03/2020,20%,6%,20%,-10%,-10%,20%,-10%,-10%,-10%,-10%,4%,-10%,-10%,20%,-10%,20%,20%,20%,20%,20%
04/03/2020,-10%,20%,-2%,-8%,20%,-5%,-1%,20%,20%,9%,14%,16%,-10%,1%,-10%,20%,4%,-4%,15%,-10%
05/03/2020,20%,20%,20%,-10%,-10%,20%,20%,-10%,20%,-10%,-10%,-10%,-10%,20%,-10%,20%,20%,20%,-10%,-10%
06/03/2020,15%,-10%,-1%,7%,20%,-10%,-2%,-10%,20%,-10%,15%,-10%,-10%,-10%,20%,20%,-3%,20%,20%,20%
09/03/2020,20%,20%,20%,20%,-10%,20%,20%,20%,20%,-10%,-10%,-10%,-10%,-10%,20%,-10%,20%,-10%,-10%,-10%
10/03/2020,-10%,13%,10%,-9%,20%,5%,-6%,20%,6%,17%,16%,20%,-4%,-10%,-7%,19%,0%,-10%,20%,-10%
11/03/2020,20%,20%,20%,-10%,-10%,20%,20%,-10%,20%,-10%,-10%,-10%,-10%,-10%,20%,20%,20%,20%,-10%,-10%
12/03/2020,20%,20%,20%,-10%,-10%,20%,20%,-10%,20%,20%,-10%,-10%,-10%,-10%,20%,-10%,-10%,-10%,20%,20%
13/03/2020,-10%,3%,0%,15%,20%,-10%,-6%,20%,20%,-5%,15%,20%,10%,-10%,-10%,20%,7%,-9%,20%,-10%
16/03/2020,20%,20%,20%,20%,-10%,20%,20%,-10%,20%,20%,-10%,-10%,-10%,-10%,20%,-10%,-10%,-10%,-10%,20%
17/03/2020,-10%,20%,9%,20%,20%,-2%,-8%,-10%,20%,8%,19%,1%,0%,-3%,-10%,20%,-6%,-10%,20%,4%
18/03/2020,20%,8%,16%,20%,-10%,-10%,-3%,20%,-10%,-10%,-10%,-10%,8%,-10%,4%,20%,-4%,20%,20%,20%
19/03/2020,-10%,20%,15%,3%,20%,16%,-7%,-10%,8%,20%,20%,20%,-10%,12%,-2%,20%,-10%,-10%,-10%,-5%
20/03/2020,-10%,20%,20%,1%,20%,20%,-7%,-10%,-10%,20%,20%,20%,-10%,-10%,-7%,20%,4%,-10%,20%,-10%
23/03/2020,-10%,20%,20%,20%,-10%,20%,3%,-6%,-10%,-10%,20%,-10%,-10%,20%,20%,4%,-10%,20%,20%,-10%
24/03/2020,-10%,4%,-1%,3%,20%,1%,-5%,20%,20%,20%,13%,20%,-6%,2%,7%,20%,-9%,-7%,-9%,-2%
25/03/2020,-10%,6%,6%,-10%,20%,12%,-10%,-10%,20%,20%,20%,20%,-1%,-10%,20%,20%,-9%,-10%,0%,4%
26/03/2020,-10%,20%,2%,-5%,-6%,-6%,-7%,20%,20%,20%,20%,6%,3%,-10%,-8%,20%,13%,-1%,20%,-10%
27/03/2020,-10%,20%,20%,-10%,20%,20%,20%,-10%,-10%,-10%,-10%,-10%,-10%,20%,-10%,20%,20%,20%,20%,-10%
30/03/2020,-10%,20%,-4%,5%,20%,-9%,-4%,20%,20%,20%,20%,-10%,-10%,-3%,11%,20%,0%,3%,-10%,2%
31/03/2020,-4%,20%,4%,20%,20%,17%,-7%,20%,4%,-10%,10%,-10%,-10%,-10%,-10%,20%,1%,16%,-10%,20%
01/04/2020,20%,20%,20%,-10%,20%,-10%,20%,-10%,-10%,-10%,-10%,-10%,-10%,-10%,20%,-10%,20%,20%,20%,20%
02/04/2020,-10%,20%,-5%,-10%,3%,-10%,-4%,15%,17%,20%,20%,-7%,2%,-10%,20%,20%,5%,9%,2%,4%
03/04/2020,-7%,20%,20%,-10%,20%,20%,-10%,-10%,-10%,-10%,20%,-10%,13%,20%,20%,20%,-10%,2%,-10%,13%
06/04/2020,-10%,-6%,4%,14%,16%,-1%,-5%,20%,20%,20%,16%,20%,-9%,-10%,3%,20%,-3%,-10%,12%,-10%
07/04/2020,20%,20%,-10%,20%,20%,-10%,20%,-10%,20%,20%,-10%,-10%,-10%,-10%,20%,20%,-10%,-10%,20%,-10%
08/04/2020,-10%,-10%,3%,20%,18%,-3%,-9%,-5%,20%,6%,18%,6%,11%,-10%,17%,20%,5%,-8%,20%,-10%
09/04/2020,-10%,20%,6%,-10%,20%,16%,-10%,-3%,-10%,20%,-2%,-10%,20%,20%,4%,20%,6%,1%,11%,-10%
13/04/2020,-6%,20%,20%,-1%,17%,20%,-6%,20%,10%,-10%,20%,-10%,-10%,-8%,7%,20%,-4%,-10%,20%,-10%
14/04/2020,-10%,20%,10%,-4%,20%,11%,-1%,20%,8%,-10%,13%,4%,-10%,7%,5%,20%,-7%,-7%,20%,-10%
15/04/2020,-9%,20%,18%,20%,9%,20%,-5%,20%,20%,-10%,10%,-10%,-10%,-10%,-10%,20%,-1%,-1%,20%,-10%
16/04/2020,-10%,20%,15%,-10%,20%,5%,-3%,11%,20%,-10%,20%,-10%,-10%,20%,-10%,20%,-6%,-1%,20%,0%
17/04/2020,-10%,-10%,-2%,8%,11%,1%,-6%,-10%,-10%,20%,5%,20%,20%,20%,20%,20%,-1%,10%,-10%,5%
20/04/2020,-4%,-10%,20%,-10%,20%,16%,-3%,20%,-10%,-10%,8%,-10%,-10%,20%,-10%,20%,20%,20%,20%,-6%
21/04/2020,20%,-10%,20%,-10%,-10%,-10%,20%,-10%,20%,20%,-10%,20%,-10%,20%,20%,-10%,-10%,-10%,20%,20%
22/04/2020,-10%,19%,-2%,5%,20%,2%,1%,20%,10%,6%,16%,20%,-10%,-10%,20%,20%,-5%,-2%,-10%,-10%
23/04/2020,-10%,-10%,1%,20%,-10%,-10%,-10%,20%,20%,20%,11%,-10%,6%,-10%,0%,20%,0%,12%,20%,20%
24/04/2020,-4%,20%,0%,-10%,-4%,1%,-3%,-10%,20%,20%,20%,-10%,-6%,20%,20%,20%,6%,8%,2%,-10%
27/04/2020,-10%,-5%,9%,-10%,-10%,16%,-10%,-10%,13%,20%,11%,20%,15%,10%,20%,20%,-3%,-7%,20%,-10%
28/04/2020,-8%,-10%,-6%,-10%,20%,-10%,-10%,-10%,11%,20%,16%,20%,20%,20%,20%,6%,-10%,13%,-10%,20%
29/04/2020,-10%,0%,2%,20%,20%,0%,-6%,20%,13%,20%,15%,20%,-4%,-10%,12%,20%,-10%,-10%,-10%,-2%
30/04/2020,20%,20%,20%,20%,20%,-5%,-6%,20%,20%,-10%,20%,-10%,-10%,-9%,-10%,19%,-9%,-10%,9%,-10%
01/05/2020,20%,-10%,-10%,-10%,17%,-10%,3%,15%,-10%,15%,-10%,20%,-10%,20%,20%,20%,20%,20%,-10%,-10%
04/05/2020,-10%,20%,11%,-10%,-10%,20%,-2%,-3%,20%,9%,20%,17%,-10%,20%,20%,20%,-10%,-3%,-9%,-10%
05/05/2020,-8%,18%,-10%,20%,-10%,-7%,1%,-4%,20%,11%,15%,-10%,-10%,-6%,20%,20%,17%,14%,20%,-10%
06/05/2020,14%,20%,20%,-10%,-10%,20%,0%,-10%,-10%,-10%,20%,20%,-10%,-10%,20%,20%,3%,3%,20%,-10%
07/05/2020,-10%,-10%,3%,16%,20%,-4%,-3%,20%,0%,9%,13%,20%,7%,20%,20%,19%,-10%,-10%,-10%,-10%
08/05/2020,-10%,8%,13%,-2%,20%,15%,-10%,-10%,-10%,1%,11%,-10%,12%,1%,20%,20%,-10%,1%,20%,20%
11/05/2020,1%,20%,-9%,20%,-2%,-10%,4%,-9%,20%,-10%,18%,-10%,-10%,20%,9%,20%,20%,20%,-1%,-10%
12/05/2020,20%,-10%,2%,-10%,20%,19%,-7%,-10%,20%,-10%,7%,-10%,-10%,20%,-10%,20%,20%,20%,20%,-10%
13/05/2020,13%,-10%,20%,-10%,20%,-5%,2%,-10%,-10%,-10%,20%,11%,-10%,20%,20%,20%,-10%,20%,-10%,20%
14/05/2020,-10%,-3%,4%,12%,-10%,2%,-8%,-10%,20%,20%,18%,20%,11%,-5%,20%,20%,2%,-5%,12%,-10%
15/05/2020,-10%,20%,-10%,20%,-4%,-6%,12%,20%,1%,-10%,-7%,20%,-10%,20%,20%,20%,-10%,20%,-10%,5%
18/05/2020,-10%,-10%,13%,3%,20%,6%,-10%,-10%,-4%,20%,18%,20%,7%,-10%,17%,14%,-10%,-4%,20%,11%
19/05/2020,1%,20%,20%,-8%,-10%,12%,4%,20%,-10%,-10%,20%,20%,-10%,-10%,20%,-3%,-6%,20%,20%,-10%
20/05/2020,-10%,-10%,8%,20%,20%,1%,-9%,13%,5%,20%,17%,13%,4%,-10%,20%,20%,-10%,-10%,-5%,3%
21/05/2020,-10%,-10%,-10%,20%,20%,6%,-10%,12%,20%,-10%,-3%,-10%,20%,20%,-10%,20%,20%,5%,20%,-10%
22/05/2020,-10%,2%,-9%,20%,20%,-10%,6%,20%,20%,-10%,13%,20%,-10%,20%,20%,20%,-10%,-2%,-10%,-10%
26/05/2020,-10%,-10%,-1%,20%,20%,-2%,-10%,3%,20%,20%,13%,15%,10%,-10%,20%,20%,-10%,-8%,-6%,6%
27/05/2020,-10%,20%,3%,-10%,20%,0%,-10%,11%,20%,20%,10%,-10%,4%,10%,-7%,20%,-9%,-7%,15%,11%
28/05/2020,6%,-4%,-10%,-10%,20%,-10%,7%,20%,5%,-10%,4%,20%,-10%,-10%,20%,20%,12%,20%,20%,-10%
29/05/2020,-10%,20%,12%,7%,20%,6%,2%,-10%,-9%,-10%,20%,19%,-10%,10%,-10%,20%,10%,6%,17%,-10%
01/06/2020,-10%,17%,15%,-10%,-10%,20%,-10%,12%,5%,20%,9%,-4%,10%,-10%,20%,19%,-10%,-1%,17%,2%
02/06/2020,-10%,20%,0%,-10%,20%,-10%,-5%,6%,19%,-10%,20%,-10%,8%,20%,1%,20%,0%,-1%,16%,5%
03/06/2020,-10%,12%,12%,0%,20%,6%,-10%,-10%,1%,20%,20%,-10%,5%,-10%,20%,20%,-1%,-6%,20%,2%
04/06/2020,-2%,20%,0%,-10%,20%,-10%,-10%,-10%,-10%,20%,12%,-10%,20%,-8%,-10%,20%,20%,19%,13%,17%
05/06/2020,-10%,18%,3%,-10%,20%,3%,-10%,19%,20%,20%,14%,0%,1%,-10%,5%,17%,-7%,-10%,14%,3%
08/06/2020,-10%,20%,19%,8%,20%,20%,-10%,-10%,-10%,20%,12%,-8%,-3%,-8%,5%,20%,-6%,-5%,20%,7%
09/06/2020,20%,20%,9%,-10%,-10%,-10%,5%,20%,0%,-10%,20%,-10%,-10%,13%,20%,20%,13%,20%,-10%,-10%
10/06/2020,1%,20%,13%,8%,-10%,20%,4%,-10%,-10%,-10%,11%,20%,-10%,-10%,20%,20%,2%,12%,20%,-10%
11/06/2020,20%,20%,20%,20%,-10%,20%,20%,20%,20%,-10%,-10%,-10%,-10%,-10%,20%,-10%,20%,-10%,-10%,-10%
12/06/2020,-10%,-2%,-5%,20%,20%,-10%,-9%,-5%,20%,20%,20%,20%,18%,-10%,20%,0%,-4%,3%,4%,-10%
15/06/2020,-10%,20%,17%,14%,20%,20%,-10%,-10%,7%,20%,20%,-10%,-4%,-10%,17%,7%,-10%,-7%,20%,-10%
16/06/2020,-9%,20%,-8%,3%,-10%,-9%,-6%,-10%,20%,-1%,12%,-10%,20%,20%,19%,20%,-1%,20%,-10%,20%
17/06/2020,-10%,20%,12%,-7%,1%,6%,0%,20%,20%,-10%,20%,20%,-10%,9%,-1%,20%,-10%,-10%,20%,-10%
18/06/2020,-10%,20%,14%,-10%,20%,11%,-6%,-10%,-10%,-10%,20%,5%,16%,-10%,20%,18%,9%,2%,20%,-10%
19/06/2020,-2%,20%,-1%,-10%,20%,6%,-7%,20%,11%,-10%,-10%,10%,20%,-10%,-10%,20%,7%,5%,20%,2%
22/06/2020,-6%,20%,-6%,20%,20%,-10%,4%,5%,20%,-10%,20%,20%,-10%,-2%,20%,18%,-4%,0%,-10%,-10%
23/06/2020,-8%,-2%,5%,20%,17%,4%,-7%,3%,20%,20%,10%,20%,-5%,-10%,-1%,18%,-4%,-10%,20%,-10%
24/06/2020,20%,20%,20%,-10%,20%,-10%,20%,-10%,-10%,-10%,20%,-10%,-10%,20%,-10%,20%,-10%,20%,20%,-10%
25/06/2020,-10%,20%,-7%,-10%,-10%,0%,-9%,3%,20%,20%,9%,-2%,20%,-10%,20%,14%,3%,18%,3%,7%
26/06/2020,11%,20%,12%,-10%,20%,5%,-7%,-10%,-10%,-10%,20%,-10%,-10%,20%,-10%,20%,20%,20%,-10%,20%
29/06/2020,-10%,3%,-3%,20%,20%,9%,-8%,20%,20%,-6%,3%,-10%,6%,-3%,17%,20%,-10%,-10%,20%,2%
30/06/2020,-10%,20%,15%,8%,10%,14%,-8%,-10%,12%,20%,20%,-10%,-7%,-3%,10%,20%,-1%,-10%,20%,-10%
01/07/2020,-10%,-10%,20%,-10%,20%,20%,-10%,20%,20%,20%,-10%,-10%,-10%,-10%,20%,20%,20%,-10%,20%,-10%
02/07/2020,-10%,20%,7%,17%,20%,20%,-6%,20%,-1%,-10%,3%,20%,1%,-10%,-5%,20%,-10%,-10%,12%,1%
06/07/2020,-10%,20%,20%,-10%,20%,16%,-9%,18%,2%,20%,19%,-10%,-9%,-10%,7%,19%,-7%,-10%,19%,-5%
07/07/2020,20%,-5%,-10%,20%,20%,20%,-1%,6%,-10%,-10%,-10%,-10%,-10%,20%,-10%,20%,20%,20%,20%,-10%
08/07/2020,-5%,20%,4%,20%,20%,-10%,0%,-5%,13%,20%,20%,20%,-10%,5%,-10%,-8%,-10%,20%,4%,-9%
09/07/2020,-10%,20%,20%,20%,20%,16%,-2%,20%,-10%,-10%,19%,-10%,-10%,5%,2%,20%,-9%,-10%,20%,-10%
10/07/2020,-10%,-10%,7%,7%,20%,13%,-10%,20%,-2%,20%,-2%,20%,14%,-10%,11%,20%,-10%,-10%,14%,-1%
13/07/2020,9%,-10%,-10%,-10%,20%,-10%,-10%,-10%,20%,20%,3%,-10%,12%,20%,7%,20%,6%,19%,-7%,20%
14/07/2020,-7%,-6%,-10%,12%,20%,-5%,-1%,-10%,20%,13%,7%,13%,-10%,20%,20%,20%,-10%,9%,-10%,15%
15/07/2020,-1%,-4%,-5%,-9%,7%,8%,-7%,-10%,-10%,20%,-2%,20%,17%,-10%,20%,20%,10%,13%,20%,5%
16/07/2020,-10%,-10%,4%,15%,20%,-8%,-8%,20%,20%,20%,12%,-10%,-10%,16%,-10%,20%,-6%,-3%,20%,8%
17/07/2020,-9%,-1%,-10%,20%,20%,-9%,6%,-10%,20%,-10%,18%,20%,-10%,20%,20%,20%,5%,11%,-10%,-10%
21/07/2020,-10%,20%,20%,-5%,20%,14%,-10%,20%,-3%,-7%,17%,-10%,20%,-10%,20%,14%,-10%,-10%,20%,-10%
22/07/2020,-10%,1%,-10%,3%,20%,-10%,-10%,20%,20%,17%,0%,-10%,20%,20%,11%,20%,-10%,2%,-10%,16%
23/07/2020,-10%,7%,-10%,-10%,20%,0%,-9%,-10%,20%,5%,8%,20%,20%,20%,20%,20%,-2%,-5%,-9%,5%
24/07/2020,-10%,-10%,-10%,-10%,20%,-10%,-10%,-10%,12%,20%,0%,8%,20%,20%,3%,20%,3%,4%,20%,20%
27/07/2020,5%,18%,17%,-10%,20%,-10%,-1%,20%,-10%,-10%,19%,-10%,-10%,20%,-10%,20%,-10%,3%,20%,20%
28/07/2020,-10%,20%,14%,-10%,-7%,20%,-5%,-10%,-10%,-4%,11%,20%,8%,-8%,16%,20%,-9%,9%,20%,14%
29/07/2020,-10%,17%,-10%,15%,20%,-9%,-9%,-10%,20%,20%,4%,20%,20%,-10%,-10%,10%,8%,3%,20%,-10%
30/07/2020,-10%,9%,5%,20%,20%,0%,-8%,4%,20%,-10%,19%,-10%,12%,-10%,20%,18%,-1%,-10%,20%,-10%
31/07/2020,8%,20%,9%,-10%,20%,2%,-6%,-10%,19%,-10%,20%,-10%,5%,6%,17%,20%,1%,-10%,20%,-10%
03/08/2020,20%,20%,4%,-10%,20%,-3%,-5%,-10%,10%,-10%,20%,-10%,4%,-10%,20%,20%,11%,-1%,20%,-10%
04/08/2020,1%,20%,3%,-10%,20%,5%,1%,-10%,4%,-10%,16%,4%,-6%,2%,20%,20%,4%,5%,20%,-10%
05/08/2020,-10%,-10%,8%,-10%,20%,2%,-6%,15%,20%,20%,20%,20%,-5%,-10%,20%,6%,-10%,-1%,20%,-9%
06/08/2020,-10%,-10%,1%,14%,20%,-1%,-6%,20%,20%,20%,14%,20%,-4%,-10%,20%,20%,-10%,-10%,-4%,-4%
07/08/2020,-10%,-10%,-2%,20%,20%,-4%,-10%,20%,20%,20%,7%,9%,10%,-7%,2%,16%,0%,-10%,20%,-10%
10/08/2020,-10%,-10%,-6%,0%,20%,-10%,-10%,20%,20%,20%,2%,-10%,8%,15%,-6%,18%,-7%,6%,20%,20%
11/08/2020,-10%,-10%,-10%,-10%,20%,-10%,-10%,20%,20%,20%,3%,20%,18%,13%,4%,20%,-10%,2%,-10%,20%
12/08/2020,-10%,-8%,-2%,20%,20%,-4%,-4%,-9%,20%,20%,20%,2%,-7%,20%,20%,20%,3%,-1%,-10%,-10%
13/08/2020,-10%,20%,16%,-10%,15%,20%,-6%,14%,13%,1%,17%,-10%,-10%,13%,3%,20%,-6%,-10%,20%,-10%
14/08/2020,-1%,20%,3%,-10%,6%,20%,-6%,20%,20%,20%,2%,-10%,-10%,-4%,20%,20%,-9%,-10%,20%,-10%
17/08/2020,-10%,20%,8%,-10%,-10%,20%,7%,-10%,-10%,-10%,8%,20%,-10%,20%,20%,20%,1%,16%,20%,-10%
18/08/2020,-10%,9%,16%,-5%,1%,20%,3%,20%,-10%,-10%,8%,20%,-10%,5%,20%,20%,-10%,2%,20%,-10%
19/08/2020,-10%,-10%,20%,20%,20%,17%,-4%,20%,-10%,4%,12%,13%,-10%,-10%,17%,20%,-10%,-10%,20%,-10%
20/08/2020,-10%,20%,3%,10%,2%,16%,-1%,20%,3%,9%,7%,20%,-10%,-10%,20%,20%,-10%,-10%,11%,-10%
21/08/2020,18%,20%,7%,-10%,20%,20%,0%,20%,-8%,-10%,3%,20%,-10%,-10%,20%,20%,-10%,-10%,11%,-10%
24/08/2020,20%,-10%,1%,-10%,20%,0%,-3%,-10%,-10%,20%,6%,13%,-10%,20%,20%,20%,-10%,10%,-6%,17%
25/08/2020,-10%,-9%,7%,20%,20%,-2%,-10%,4%,0%,20%,15%,17%,13%,-10%,20%,20%,-10%,-4%,-10%,9%
26/08/2020,-10%,20%,7%,20%,20%,5%,-3%,20%,14%,7%,20%,0%,-10%,-10%,20%,20%,-10%,-10%,-10%,-10%
27/08/2020,-10%,20%,18%,-10%,20%,20%,-8%,9%,-6%,20%,17%,-10%,-10%,-10%,20%,20%,-7%,-10%,20%,-2%
28/08/2020,-10%,20%,2%,2%,20%,7%,-7%,-10%,20%,20%,16%,7%,-2%,-10%,20%,15%,-5%,-10%,15%,-10%
31/08/2020,20%,-6%,8%,-7%,20%,0%,1%,-10%,0%,-10%,20%,20%,-10%,-10%,20%,20%,10%,5%,20%,-10%
01/09/2020,20%,20%,20%,-10%,20%,20%,-10%,3%,-4%,-10%,20%,-10%,-10%,-7%,-9%,20%,-10%,-2%,20%,19%
02/09/2020,-10%,13%,1%,20%,20%,-10%,-5%,20%,20%,20%,20%,20%,-10%,-10%,-8%,20%,-10%,-7%,-10%,6%
03/09/2020,20%,-10%,20%,20%,20%,20%,-10%,-10%,-10%,-10%,-10%,20%,20%,20%,-10%,-10%,20%,-10%,20%,-10%
04/09/2020,-10%,-10%,-10%,-10%,20%,-10%,-10%,-10%,18%,20%,5%,13%,20%,-10%,-10%,20%,15%,20%,20%,20%
08/09/2020,-10%,-3%,5%,-10%,20%,10%,-10%,-10%,-10%,20%,14%,-10%,5%,15%,0%,13%,1%,20%,20%,20%
09/09/2020,-10%,-10%,-8%,-10%,20%,-10%,1%,10%,20%,3%,11%,12%,-10%,20%,20%,20%,-10%,17%,-5%,20%
10/09/2020,-10%,20%,20%,-10%,20%,20%,-5%,-10%,-6%,13%,20%,-4%,-10%,7%,20%,20%,-8%,-10%,20%,-6%
11/09/2020,-10%,-10%,2%,-10%,20%,20%,-10%,-10%,-10%,20%,1%,20%,7%,20%,-1%,20%,-10%,1%,20%,20%
14/09/2020,-10%,5%,-10%,-10%,-10%,8%,-2%,-10%,5%,20%,-4%,20%,5%,20%,20%,20%,-10%,20%,3%,20%
15/09/2020,-10%,20%,7%,-10%,9%,20%,3%,-10%,6%,-10%,8%,20%,-10%,20%,20%,20%,-10%,-3%,20%,-10%
16/09/2020,-10%,18%,18%,-3%,20%,20%,-7%,-10%,0%,-10%,20%,-10%,5%,9%,20%,20%,-3%,-7%,20%,-10%
17/09/2020,-10%,-10%,-10%,-10%,11%,-10%,-10%,-9%,20%,20%,16%,20%,20%,-10%,20%,20%,4%,18%,-10%,20%
18/09/2020,-10%,-10%,-10%,-10%,20%,-10%,-10%,-10%,20%,7%,10%,19%,14%,-10%,-10%,20%,19%,20%,20%,20%
21/09/2020,20%,20%,3%,-10%,20%,20%,-1%,-10%,-10%,-5%,-3%,-10%,-10%,1%,5%,20%,19%,20%,20%,-10%
22/09/2020,20%,20%,20%,17%,20%,8%,-2%,-10%,-10%,-10%,20%,-10%,-10%,-10%,20%,20%,-3%,-9%,20%,-10%
23/09/2020,-6%,20%,20%,-10%,20%,-10%,1%,20%,-10%,-10%,20%,-10%,-10%,-10%,20%,20%,-10%,6%,20%,19%
24/09/2020,-10%,20%,-10%,-10%,-8%,-10%,0%,20%,20%,20%,6%,-10%,-8%,-10%,20%,20%,-10%,20%,20%,20%
25/09/2020,-10%,20%,13%,-8%,-1%,13%,-6%,20%,20%,20%,19%,-10%,-10%,-10%,20%,20%,-10%,-10%,20%,-8%
28/09/2020,-10%,20%,11%,12%,20%,12%,-9%,-10%,20%,20%,20%,-10%,-8%,-10%,17%,12%,-8%,-10%,20%,-10%
29/09/2020,-10%,-10%,14%,20%,11%,10%,-7%,4%,11%,20%,20%,12%,-7%,-10%,20%,13%,-10%,-10%,20%,-10%
30/09/2020,20%,20%,-10%,20%,-10%,20%,20%,-10%,20%,20%,-10%,-10%,-10%,20%,-10%,20%,-10%,-10%,-10%,20%
01/10/2020,-10%,20%,6%,9%,20%,10%,-5%,-10%,20%,20%,17%,-3%,-10%,15%,20%,20%,-10%,-10%,-10%,-10%
02/10/2020,-10%,-10%,12%,-7%,-10%,20%,-10%,-10%,20%,20%,9%,20%,9%,20%,20%,17%,-10%,-10%,20%,-10%
05/10/2020,-10%,-10%,-10%,-10%,-3%,-10%,-9%,16%,20%,20%,2%,-10%,20%,20%,16%,17%,-3%,20%,4%,20%
06/10/2020,6%,20%,2%,-10%,-10%,0%,-3%,-10%,20%,16%,20%,-8%,-10%,-10%,20%,10%,-10%,17%,20%,20%
07/10/2020,-10%,20%,-1%,-10%,20%,-1%,-5%,-10%,20%,20%,20%,-10%,1%,9%,20%,-10%,-10%,20%,20%,-3%
08/10/2020,-10%,20%,4%,-10%,15%,5%,-8%,2%,8%,20%,17%,-10%,4%,-5%,16%,-3%,-7%,20%,20%,3%
09/10/2020,-10%,20%,-3%,9%,20%,-3%,-6%,20%,9%,20%,16%,-10%,1%,-10%,16%,2%,-10%,20%,-10%,10%
12/10/2020,-10%,20%,15%,19%,3%,5%,-10%,20%,20%,11%,20%,-10%,-3%,-10%,-2%,20%,-10%,-10%,9%,4%
13/10/2020,-10%,20%,18%,20%,-10%,7%,-10%,20%,20%,20%,20%,-10%,-10%,-10%,-10%,20%,-10%,-10%,20%,5%
14/10/2020,-10%,20%,16%,20%,-10%,20%,-10%,11%,-7%,6%,15%,-10%,-10%,20%,-10%,20%,-10%,-10%,20%,19%
15/10/2020,-3%,20%,2%,20%,20%,20%,-10%,6%,-10%,20%,0%,-10%,-10%,0%,-10%,20%,-10%,-5%,20%,20%
16/10/2020,-10%,11%,-10%,19%,20%,-10%,-10%,20%,20%,20%,1%,-10%,12%,1%,-2%,20%,-8%,1%,-5%,20%
19/10/2020,-10%,-10%,-10%,20%,20%,-10%,-10%,-3%,20%,-10%,13%,20%,15%,16%,-6%,20%,-4%,-10%,20%,20%
20/10/2020,-10%,-10%,-9%,4%,20%,-10%,-10%,20%,-10%,14%,20%,20%,20%,20%,-10%,-10%,-10%,11%,20%,20%
21/10/2020,-10%,-3%,-5%,20%,20%,-5%,-6%,20%,20%,-10%,5%,20%,20%,-10%,17%,18%,-10%,-10%,13%,-3%
22/10/2020,-10%,-4%,-4%,20%,20%,-1%,-10%,20%,20%,20%,10%,5%,12%,-10%,20%,20%,-4%,-8%,-10%,-6%
23/10/2020,-10%,20%,-3%,20%,20%,-7%,-10%,20%,20%,20%,14%,-7%,9%,-10%,-8%,20%,10%,-5%,-2%,-10%
26/10/2020,20%,-10%,20%,20%,20%,-2%,-10%,-10%,20%,-4%,-3%,-10%,20%,-1%,-10%,20%,20%,20%,-10%,-10%
27/10/2020,20%,20%,20%,20%,20%,20%,-6%,-10%,-10%,-10%,6%,-10%,-10%,20%,-10%,20%,0%,-10%,20%,-10%
28/10/2020,20%,20%,20%,20%,20%,20%,-3%,20%,-10%,-10%,2%,-10%,-10%,20%,1%,20%,-10%,-10%,-10%,-10%
29/10/2020,20%,-10%,8%,-10%,20%,-10%,-10%,20%,-10%,20%,20%,-10%,20%,-1%,-10%,19%,20%,20%,-10%,-6%
30/10/2020,-10%,-1%,-5%,20%,20%,-8%,-7%,20%,14%,20%,12%,11%,-1%,-10%,-10%,20%,11%,-3%,11%,-5%
02/11/2020,-10%,7%,-10%,20%,20%,-10%,-10%,20%,20%,20%,12%,-6%,9%,-10%,-4%,20%,15%,2%,-4%,-2%
03/11/2020,-10%,20%,1%,6%,-6%,10%,-10%,-10%,20%,20%,4%,20%,4%,-2%,-8%,20%,-10%,-5%,20%,16%
04/11/2020,-10%,20%,1%,3%,3%,0%,-2%,20%,20%,12%,17%,18%,-10%,-10%,4%,20%,0%,-4%,7%,-10%
05/11/2020,-10%,20%,-5%,3%,-4%,-7%,1%,20%,20%,20%,20%,3%,-10%,-9%,20%,20%,6%,10%,-9%,-10%
06/11/2020,-10%,-10%,20%,-10%,20%,20%,-10%,20%,20%,-10%,-10%,-10%,20%,20%,20%,-10%,20%,20%,-10%,-10%
09/11/2020,-10%,-10%,-10%,20%,20%,-6%,-10%,4%,11%,20%,3%,20%,20%,-10%,20%,20%,-6%,0%,-10%,14%
10/11/2020,-10%,-10%,-10%,20%,20%,-5%,-10%,-5%,19%,20%,5%,20%,20%,-10%,20%,20%,0%,1%,-10%,5%
11/11/2020,20%,-10%,-5%,-10%,20%,-10%,-3%,-10%,20%,-10%,13%,15%,1%,20%,-10%,20%,20%,10%,20%,-10%
12/11/2020,12%,20%,20%,-10%,8%,4%,-4%,20%,20%,-10%,20%,-10%,-10%,20%,-10%,20%,-10%,-10%,20%,-10%
13/11/2020,-10%,15%,-7%,20%,20%,-10%,-5%,20%,20%,20%,17%,-10%,-10%,-10%,20%,20%,-4%,-4%,-10%,8%
16/11/2020,-10%,-10%,4%,5%,20%,-3%,-9%,20%,20%,20%,20%,-4%,1%,-10%,20%,18%,-1%,-10%,17%,-10%
17/11/2020,-10%,-10%,19%,-10%,20%,13%,-10%,7%,-5%,20%,20%,11%,5%,-10%,20%,20%,0%,-10%,20%,-10%
18/11/2020,-10%,-2%,20%,3%,20%,20%,-9%,-10%,-10%,20%,20%,-10%,-8%,-10%,20%,20%,1%,2%,20%,3%
19/11/2020,-10%,20%,15%,-6%,-10%,20%,-6%,-10%,-10%,20%,19%,-10%,-10%,-4%,20%,16%,-5%,19%,15%,17%
20/11/2020,-10%,20%,11%,4%,-5%,7%,-10%,-10%,-10%,20%,20%,-10%,12%,20%,-10%,20%,20%,20%,-10%,1%
23/11/2020,-10%,0%,11%,-10%,0%,1%,-10%,-10%,-10%,20%,19%,20%,18%,-1%,-10%,20%,20%,11%,20%,0%
24/11/2020,-10%,4%,13%,5%,20%,14%,-10%,-10%,-2%,20%,15%,5%,7%,-10%,20%,19%,1%,-9%,20%,-10%
25/11/2020,-10%,20%,14%,-10%,20%,19%,-10%,3%,-10%,20%,12%,-10%,10%,-10%,20%,14%,0%,-2%,20%,-10%
27/11/2020,-10%,20%,-10%,20%,20%,-10%,-10%,-10%,20%,20%,20%,-10%,-10%,-10%,20%,20%,-10%,-10%,20%,20%
30/11/2020,20%,20%,-2%,-10%,-10%,-7%,1%,-10%,20%,-10%,20%,8%,-10%,20%,-10%,20%,16%,13%,20%,-10%
01/12/2020,20%,20%,2%,10%,20%,-9%,-2%,-10%,20%,-10%,20%,20%,-10%,-5%,-6%,20%,3%,-10%,15%,-10%
02/12/2020,-10%,1%,3%,20%,20%,-1%,-10%,20%,20%,20%,19%,-10%,6%,-10%,20%,20%,-1%,-9%,-7%,-10%
03/12/2020,-10%,-6%,-2%,20%,20%,-5%,-10%,20%,20%,20%,11%,-10%,5%,-10%,8%,20%,3%,-5%,13%,-2%
04/12/2020,-10%,4%,3%,-10%,7%,18%,-8%,-8%,-7%,20%,10%,20%,6%,-10%,20%,20%,-2%,17%,-10%,20%
07/12/2020,-10%,17%,5%,-10%,-10%,7%,-4%,-10%,-6%,20%,20%,20%,-1%,-10%,20%,20%,-3%,18%,-3%,20%
08/12/2020,-3%,20%,19%,-10%,0%,20%,-7%,-10%,-1%,20%,20%,20%,-7%,-10%,-1%,20%,4%,-4%,20%,-10%
10/12/2020,8%,20%,-4%,-10%,20%,1%,-10%,-10%,-10%,8%,1%,-10%,20%,20%,-10%,20%,19%,20%,-3%,11%
11/12/2020,3%,20%,-9%,10%,20%,-9%,-4%,-10%,-10%,-8%,-10%,-10%,20%,20%,-10%,20%,7%,20%,20%,20%
14/12/2020,4%,20%,20%,-10%,11%,20%,2%,-10%,-10%,-10%,15%,20%,-10%,20%,1%,-3%,-10%,20%,20%,-10%
15/12/2020,-10%,20%,14%,-10%,-10%,11%,0%,-10%,-4%,20%,20%,6%,-10%,17%,20%,-1%,-10%,20%,20%,-3%
16/12/2020,-10%,20%,10%,-10%,-10%,10%,-3%,-10%,11%,20%,20%,6%,-4%,14%,20%,-5%,-10%,20%,20%,-10%
17/12/2020,0%,20%,0%,-10%,1%,-4%,-4%,-10%,19%,19%,20%,-10%,-1%,11%,15%,1%,2%,20%,20%,-10%
18/12/2020,-10%,20%,13%,-10%,13%,15%,-4%,-10%,-6%,-5%,20%,14%,9%,-6%,20%,11%,1%,6%,20%,-10%
21/12/2020,-10%,20%,16%,-10%,20%,20%,-10%,-10%,-6%,20%,17%,1%,5%,-10%,20%,18%,-4%,-10%,20%,-7%
22/12/2020,20%,20%,11%,-10%,20%,-4%,-10%,-10%,-4%,20%,20%,-10%,9%,-10%,10%,20%,8%,-10%,20%,-10%
23/12/2020,4%,20%,-6%,11%,20%,-10%,-10%,20%,20%,20%,5%,-10%,16%,1%,-10%,20%,7%,-6%,-1%,-10%
24/12/2020,16%,7%,1%,6%,20%,1%,-10%,-10%,20%,20%,19%,-10%,-3%,-10%,20%,20%,5%,-10%,8%,-10%
28/12/2020,-10%,-10%,-1%,20%,20%,2%,-8%,18%,20%,20%,10%,20%,4%,-10%,20%,20%,-8%,-10%,-10%,-8%
29/12/2020,-10%,-1%,5%,20%,20%,3%,-5%,2%,20%,20%,20%,20%,-8%,-10%,20%,20%,-7%,-10%,-10%,-10%
30/12/2020,-10%,-9%,7%,20%,20%,3%,-6%,0%,20%,20%,20%,20%,-4%,-10%,20%,20%,-3%,-8%,-10%,-10%
31/12/2020,-10%,7%,5%,-6%,20%,10%,-6%,-10%,6%,20%,20%,20%,-1%,-10%,20%,20%,5%,3%,-8%,-5%
04/01/2021,-10%,-10%,-6%,-7%,12%,20%,-10%,-10%,18%,20%,1%,20%,5%,8%,20%,20%,-10%,8%,-10%,20%
05/01/2021,-10%,-1%,-10%,20%,-4%,20%,-10%,20%,19%,20%,-10%,-10%,4%,20%,-10%,20%,-6%,18%,-10%,20%
06/01/2021,-10%,-10%,-10%,-10%,7%,9%,-10%,20%,20%,20%,-10%,-10%,20%,20%,20%,20%,-10%,15%,-10%,20%
07/01/2021,-10%,0%,-4%,13%,20%,-3%,-10%,20%,20%,20%,11%,-10%,8%,-10%,20%,20%,-9%,1%,-10%,13%
08/01/2021,-10%,12%,-1%,5%,20%,5%,-10%,20%,20%,20%,13%,-10%,3%,-10%,20%,20%,-10%,-5%,-10%,7%
11/01/2021,-10%,20%,12%,3%,19%,20%,-5%,-10%,-10%,20%,17%,-10%,-10%,-9%,20%,20%,5%,3%,14%,-10%
12/01/2021,-10%,11%,6%,-10%,12%,2%,-6%,-10%,-10%,20%,15%,-10%,6%,20%,0%,13%,16%,20%,20%,-5%
13/01/2021,-10%,20%,5%,-10%,20%,-5%,-5%,-10%,-10%,20%,18%,-10%,7%,20%,-10%,10%,20%,20%,20%,-10%
14/01/2021,-10%,20%,17%,-10%,20%,13%,-10%,-10%,-10%,20%,20%,-10%,8%,3%,-10%,3%,8%,20%,20%,-1%
15/01/2021,-5%,20%,2%,-10%,20%,-6%,-4%,19%,-4%,20%,20%,-10%,-4%,7%,-10%,20%,20%,20%,-10%,-4%
19/01/2021,-10%,20%,-10%,20%,20%,-10%,-3%,20%,17%,20%,15%,-10%,-10%,2%,-10%,13%,7%,20%,-10%,-1%
20/01/2021,-10%,20%,-8%,20%,20%,-9%,6%,20%,11%,-10%,14%,-8%,-10%,12%,20%,13%,0%,20%,-10%,-10%
21/01/2021,-10%,20%,3%,20%,20%,-2%,3%,20%,5%,-10%,20%,-4%,-10%,-10%,20%,-6%,-10%,20%,20%,-10%
22/01/2021,9%,20%,6%,20%,20%,-5%,4%,20%,-10%,-10%,9%,-10%,-10%,18%,1%,-3%,-10%,20%,20%,-10%
25/01/2021,20%,20%,5%,-3%,20%,-1%,2%,-10%,-1%,-10%,14%,-10%,-10%,20%,0%,9%,4%,20%,20%,-10%
26/01/2021,20%,20%,12%,-8%,20%,20%,-2%,20%,-10%,-10%,0%,-10%,-10%,20%,-10%,6%,-8%,20%,20%,-10%
27/01/2021,20%,20%,19%,-10%,20%,20%,-5%,-3%,-10%,10%,14%,-10%,-10%,-10%,20%,-5%,-10%,20%,20%,-10%
28/01/2021,-10%,20%,12%,0%,20%,5%,-10%,20%,-10%,20%,13%,20%,0%,-10%,-10%,-10%,-10%,20%,0%,20%
29/01/2021,-10%,20%,20%,-10%,20%,-10%,20%,-10%,20%,20%,20%,-10%,-10%,-10%,20%,-10%,-10%,20%,-10%,20%
01/02/2021,-10%,8%,-1%,20%,20%,-10%,-3%,20%,20%,20%,20%,8%,-9%,-10%,15%,20%,-4%,-7%,-10%,-6%
02/02/2021,-10%,-10%,16%,20%,20%,5%,-8%,11%,4%,20%,20%,4%,-9%,-10%,12%,20%,-10%,-10%,13%,2%
03/02/2021,-10%,-4%,3%,20%,20%,3%,-7%,20%,15%,20%,14%,-2%,-3%,-10%,20%,20%,-4%,-10%,5%,-10%
04/02/2021,-10%,-10%,-8%,20%,20%,-3%,-5%,20%,0%,20%,1%,20%,10%,-10%,20%,20%,4%,-3%,3%,-10%
05/02/2021,-10%,-3%,-10%,20%,20%,-7%,-3%,20%,-10%,20%,-3%,20%,12%,-10%,-1%,6%,11%,19%,20%,-10%
08/02/2021,-10%,-10%,3%,17%,20%,2%,-7%,-10%,-10%,20%,10%,20%,15%,-6%,20%,-7%,-10%,20%,20%,3%
09/02/2021,-10%,20%,-4%,20%,20%,-2%,-7%,17%,4%,20%,4%,-10%,-3%,-10%,-10%,3%,-10%,17%,20%,20%
10/02/2021,-10%,20%,-10%,11%,20%,-10%,-4%,8%,20%,20%,10%,-10%,-6%,-5%,-2%,1%,-10%,20%,20%,18%
11/02/2021,-10%,20%,-10%,20%,20%,-10%,3%,12%,20%,7%,13%,20%,-10%,-10%,20%,20%,-10%,-3%,-10%,-3%
12/02/2021,-10%,13%,-10%,3%,20%,-10%,4%,20%,10%,20%,15%,20%,-10%,-6%,20%,5%,-4%,20%,-10%,-10%
16/02/2021,-10%,2%,5%,-6%,20%,-2%,-7%,20%,-10%,20%,20%,8%,10%,-10%,20%,14%,-4%,10%,-10%,9%
17/02/2021,-10%,16%,1%,8%,20%,-10%,-10%,20%,-10%,20%,12%,-10%,20%,-5%,-10%,20%,12%,15%,-10%,11%
18/02/2021,-10%,-10%,20%,1%,20%,-10%,-10%,20%,7%,20%,1%,-8%,20%,20%,-10%,20%,20%,-10%,-10%,10%
19/02/2021,-10%,20%,7%,-1%,-10%,-5%,-10%,-10%,20%,20%,20%,-10%,5%,20%,-10%,20%,-2%,4%,13%,20%
22/02/2021,-10%,-10%,-7%,-9%,-2%,-7%,-10%,-10%,20%,20%,11%,20%,19%,-10%,20%,20%,0%,5%,20%,20%
23/02/2021,-10%,-10%,-10%,20%,13%,-10%,-10%,-10%,20%,20%,7%,20%,20%,-10%,20%,20%,-6%,6%,-10%,20%
24/02/2021,20%,20%,20%,20%,-10%,20%,20%,-10%,-10%,20%,-10%,-10%,-10%,20%,-10%,20%,-10%,-10%,20%,-10%
25/02/2021,-10%,-9%,-10%,20%,7%,5%,-10%,-3%,16%,20%,-6%,20%,20%,-10%,20%,20%,-10%,11%,-10%,20%
26/02/2021,-10%,20%,-10%,-10%,-10%,-10%,-1%,-1%,20%,19%,20%,20%,3%,-10%,20%,17%,20%,20%,-7%,-10%
01/03/2021,-6%,20%,-2%,-10%,20%,-10%,-5%,19%,20%,6%,20%,-10%,1%,20%,-10%,-6%,4%,20%,20%,-10%
02/03/2021,-10%,20%,6%,20%,20%,8%,-5%,-8%,20%,8%,20%,-10%,-10%,-2%,20%,7%,-10%,-4%,20%,-10%
03/03/2021,20%,-10%,-10%,2%,20%,1%,-10%,-10%,13%,20%,-9%,20%,20%,1%,20%,20%,-8%,-9%,20%,-10%
04/03/2021,-10%,-10%,-10%,20%,20%,-10%,-10%,20%,20%,20%,-10%,20%,20%,-10%,-2%,20%,-2%,4%,20%,-10%
05/03/2021,-10%,-10%,-10%,20%,20%,-10%,-10%,20%,20%,-1%,-10%,17%,20%,-10%,-10%,20%,-10%,20%,20%,14%
08/03/2021,-10%,-10%,-10%,20%,20%,-10%,-10%,-5%,20%,-10%,-10%,20%,18%,8%,20%,18%,-10%,20%,3%,17%
09/03/2021,-10%,3%,10%,-10%,20%,-10%,-10%,-10%,20%,4%,-2%,20%,-10%,20%,20%,20%,-8%,20%,12%,1%
10/03/2021,-10%,-10%,15%,-10%,20%,20%,-10%,-10%,15%,20%,-10%,20%,-8%,20%,20%,20%,4%,-2%,5%,-10%
11/03/2021,3%,8%,4%,-2%,14%,20%,13%,20%,-2%,-9%,20%,-10%,-10%,20%,-8%,20%,-1%,-10%,20%,-10%
12/03/2021,-10%,-10%,-10%,-8%,-10%,6%,-3%,-10%,3%,20%,5%,20%,20%,20%,10%,0%,0%,17%,20%,20%
15/03/2021,20%,0%,-10%,10%,-10%,10%,6%,-10%,20%,-10%,20%,-10%,15%,20%,-10%,20%,19%,-10%,-10%,20%
16/03/2021,20%,13%,-10%,-8%,-10%,-1%,-3%,-10%,20%,-6%,20%,4%,20%,20%,-10%,20%,20%,-10%,-10%,20%
17/03/2021,20%,4%,1%,20%,-10%,-5%,1%,13%,14%,2%,20%,-6%,9%,20%,-10%,20%,-10%,-10%,-10%,18%
18/03/2021,-10%,20%,20%,20%,-10%,-10%,-10%,-10%,20%,-10%,20%,20%,20%,20%,-10%,20%,-10%,-10%,-10%,20%
19/03/2021,-10%,-10%,20%,-10%,20%,-3%,-10%,11%,20%,20%,14%,-10%,20%,20%,-10%,20%,-10%,-4%,-2%,13%
22/03/2021,-1%,19%,13%,-10%,20%,-10%,-3%,-10%,20%,-10%,0%,-10%,14%,20%,-10%,20%,12%,17%,20%,-10%
23/03/2021,20%,20%,20%,10%,-10%,3%,1%,-10%,20%,-10%,1%,-10%,-10%,20%,-10%,13%,8%,20%,14%,-10%
24/03/2021,20%,20%,2%,15%,20%,0%,-10%,-10%,20%,-10%,-10%,20%,-10%,20%,20%,-10%,3%,-10%,20%,-10%
25/03/2021,-10%,-10%,-10%,19%,20%,-10%,-10%,20%,20%,20%,-10%,20%,3%,20%,20%,-9%,-10%,7%,20%,-10%
26/03/2021,-10%,-10%,-10%,-10%,13%,-10%,-10%,-10%,12%,15%,16%,15%,16%,20%,20%,9%,-6%,6%,20%,14%
29/03/2021,-9%,-10%,-10%,-6%,20%,-9%,-2%,-10%,8%,-10%,18%,20%,20%,20%,-10%,17%,7%,20%,20%,8%
30/03/2021,-10%,-10%,-5%,1%,20%,-10%,5%,-10%,0%,-10%,-10%,20%,20%,20%,-10%,20%,14%,14%,20%,20%
31/03/2021,-6%,-10%,2%,20%,-10%,20%,13%,20%,-10%,-10%,-10%,-10%,-1%,20%,-10%,12%,20%,20%,20%,11%
01/04/2021,-10%,20%,-2%,20%,-10%,20%,18%,20%,-10%,-1%,-10%,-10%,20%,20%,-10%,-10%,17%,8%,20%,-10%
05/04/2021,7%,20%,1%,20%,10%,3%,3%,20%,-10%,-10%,20%,5%,3%,20%,-10%,15%,-10%,-6%,8%,-10%
06/04/2021,-4%,20%,-6%,20%,20%,0%,-10%,20%,-10%,-10%,20%,19%,18%,20%,12%,-7%,-10%,-10%,8%,-10%
07/04/2021,20%,20%,13%,20%,20%,6%,-10%,20%,-10%,-2%,-2%,-10%,13%,20%,11%,-2%,-10%,-10%,2%,-10%
08/04/2021,20%,20%,20%,18%,20%,-10%,1%,20%,-10%,20%,-10%,-3%,-10%,-7%,20%,-10%,1%,-10%,20%,-10%
09/04/2021,20%,20%,20%,12%,-10%,-10%,1%,-10%,20%,20%,-10%,-10%,-10%,18%,10%,9%,2%,7%,11%,-10%
12/04/2021,20%,13%,10%,-10%,20%,1%,14%,-10%,20%,-5%,-10%,-10%,-10%,20%,10%,6%,20%,-9%,20%,-10%
13/04/2021,20%,7%,15%,-10%,20%,6%,20%,-10%,20%,-10%,-10%,-10%,-10%,20%,-10%,20%,9%,2%,20%,-10%
14/04/2021,0%,6%,-10%,-10%,20%,20%,20%,-10%,20%,-10%,-10%,9%,-6%,20%,-10%,20%,-10%,17%,20%,5%
15/04/2021,20%,-9%,-10%,-6%,16%,13%,14%,20%,20%,-10%,-10%,20%,-10%,13%,-10%,20%,-10%,20%,6%,-8%
16/04/2021,-10%,-9%,-10%,-2%,20%,-8%,1%,20%,20%,-10%,-9%,20%,-10%,20%,20%,20%,-10%,20%,3%,15%
19/04/2021,17%,-10%,-5%,20%,2%,-3%,-4%,-3%,20%,13%,-10%,20%,-10%,20%,-10%,20%,5%,20%,7%,-10%
20/04/2021,13%,11%,-8%,-1%,20%,-5%,-10%,20%,20%,-10%,-10%,-10%,-10%,20%,-10%,20%,20%,20%,20%,-10%
21/04/2021,8%,13%,-10%,-10%,20%,-2%,-10%,19%,20%,-10%,-10%,20%,-10%,6%,-10%,20%,20%,20%,9%,-3%
22/04/2021,-10%,18%,-10%,-10%,20%,20%,-10%,-10%,20%,-10%,0%,20%,-10%,-2%,20%,20%,20%,0%,20%,-6%
23/04/2021,-7%,7%,-10%,-10%,20%,2%,-10%,19%,20%,-5%,20%,20%,20%,-2%,20%,-10%,20%,-10%,-10%,5%
26/04/2021,20%,-10%,13%,20%,-9%,-10%,-10%,20%,-4%,20%,20%,20%,20%,-10%,20%,-10%,20%,-10%,-10%,-10%
27/04/2021,4%,20%,20%,15%,20%,-2%,-2%,-10%,-10%,20%,20%,-10%,20%,-10%,1%,-10%,14%,-10%,20%,-10%
28/04/2021,-10%,-10%,20%,15%,16%,-10%,-10%,20%,-10%,20%,-9%,16%,20%,-10%,20%,15%,6%,-10%,20%,-9%
29/04/2021,-10%,-10%,4%,20%,20%,-10%,-10%,20%,18%,20%,-4%,20%,20%,20%,-6%,-10%,-3%,-9%,20%,-10%
30/04/2021,-10%,-10%,5%,20%,8%,-5%,-10%,20%,19%,20%,-9%,20%,8%,20%,-10%,-10%,-6%,20%,20%,-10%
03/05/2021,-3%,-10%,-10%,-10%,20%,5%,-10%,20%,20%,11%,-4%,20%,9%,20%,-10%,-10%,13%,20%,20%,-10%
04/05/2021,-10%,2%,-10%,-10%,20%,6%,-10%,-10%,20%,17%,-10%,-5%,-10%,20%,-10%,20%,20%,20%,20%,20%
06/05/2021,-7%,-10%,-10%,9%,20%,-7%,-8%,-10%,20%,20%,-4%,-5%,1%,20%,-10%,20%,10%,20%,20%,12%
07/05/2021,-10%,-9%,-10%,15%,20%,-4%,-6%,-10%,20%,20%,2%,-8%,7%,20%,-10%,20%,-8%,20%,9%,20%
10/05/2021,2%,1%,-10%,3%,20%,-2%,-3%,-10%,20%,20%,-10%,-10%,3%,20%,-10%,20%,6%,20%,0%,20%
11/05/2021,-10%,20%,-10%,-10%,20%,-10%,-7%,-10%,15%,20%,-4%,-10%,11%,20%,11%,17%,-10%,20%,8%,20%
12/05/2021,-10%,20%,-10%,-10%,20%,-10%,-10%,-10%,20%,20%,-10%,-10%,20%,-10%,-10%,20%,20%,20%,20%,20%
13/05/2021,-10%,-10%,9%,-10%,20%,-10%,-10%,-10%,20%,20%,-10%,1%,20%,-10%,-10%,20%,20%,20%,20%,20%
14/05/2021,10%,13%,20%,-10%,-10%,-10%,-10%,-10%,-10%,20%,19%,20%,20%,-10%,-10%,20%,8%,20%,20%,-10%
17/05/2021,0%,-10%,19%,15%,20%,-10%,-10%,-10%,-10%,20%,-2%,14%,20%,-10%,-10%,20%,15%,9%,9%,11%
18/05/2021,-6%,-10%,16%,20%,16%,-10%,-10%,13%,1%,20%,20%,20%,10%,-10%,-10%,20%,8%,-6%,9%,-10%
19/05/2021,-10%,-10%,20%,20%,3%,-6%,13%,20%,20%,-10%,20%,10%,20%,-10%,-10%,20%,-10%,20%,-10%,-10%
20/05/2021,-10%,-10%,15%,20%,-10%,-10%,10%,20%,20%,-10%,20%,-10%,0%,-10%,20%,20%,17%,20%,-1%,-10%
21/05/2021,-10%,-10%,-10%,-4%,20%,4%,20%,20%,20%,-10%,20%,20%,-6%,-9%,20%,20%,-5%,20%,-10%,-10%
24/05/2021,-10%,20%,-10%,20%,17%,0%,20%,20%,1%,19%,20%,-10%,-10%,-10%,17%,5%,-10%,20%,-10%,-10%
25/05/2021,-10%,20%,-10%,20%,0%,16%,20%,20%,12%,11%,20%,7%,-10%,15%,-10%,-10%,-10%,20%,-10%,-10%
26/05/2021,-10%,20%,-10%,20%,9%,14%,20%,20%,20%,20%,-1%,-10%,-10%,20%,-10%,-10%,-10%,20%,-9%,-4%
27/05/2021,-10%,19%,-10%,20%,9%,20%,-2%,20%,8%,20%,20%,-10%,-10%,20%,-10%,-10%,-10%,14%,2%,0%
28/05/2021,-10%,-10%,-10%,-10%,15%,16%,13%,20%,20%,20%,20%,-10%,-10%,20%,-10%,-10%,-10%,20%,20%,5%
01/06/2021,-10%,-10%,-10%,-6%,20%,12%,14%,20%,-10%,20%,20%,-10%,20%,4%,-10%,-10%,-10%,20%,15%,20%
02/06/2021,-10%,-10%,-10%,1%,20%,-3%,20%,-10%,-10%,20%,20%,20%,20%,-4%,20%,-6%,-10%,20%,-8%,20%
03/06/2021,-10%,-10%,-10%,-10%,20%,-10%,20%,16%,-9%,20%,-1%,20%,20%,-10%,5%,20%,1%,20%,2%,6%
04/06/2021,-2%,-10%,-10%,2%,20%,-10%,20%,20%,-10%,20%,-6%,20%,20%,-10%,16%,20%,-10%,20%,-10%,0%
07/06/2021,15%,20%,-10%,-10%,18%,-10%,20%,20%,-10%,-10%,-10%,20%,15%,-10%,1%,20%,6%,20%,6%,-10%
08/06/2021,19%,20%,-10%,-8%,20%,-3%,12%,20%,-9%,-10%,-10%,20%,7%,6%,-10%,20%,8%,20%,-2%,-10%
09/06/2021,20%,20%,11%,10%,4%,10%,-5%,20%,-10%,-10%,-7%,20%,-10%,5%,-10%,20%,12%,20%,-10%,-10%
10/06/2021,5%,20%,20%,-4%,-6%,3%,-10%,20%,3%,-10%,-1%,20%,-10%,20%,-10%,20%,20%,20%,-10%,-10%
11/06/2021,2%,13%,20%,-10%,2%,0%,-9%,20%,1%,-10%,15%,20%,-10%,20%,-10%,20%,16%,20%,-10%,-10%
14/06/2021,20%,20%,20%,20%,-10%,1%,-3%,-10%,-5%,-10%,16%,5%,-10%,17%,-10%,20%,20%,20%,-10%,-10%
15/06/2021,20%,20%,20%,-10%,-10%,3%,-4%,10%,3%,-10%,14%,-10%,-10%,14%,9%,20%,20%,-10%,20%,-10%
16/06/2021,20%,20%,20%,-10%,20%,-7%,20%,-5%,13%,-10%,-1%,-10%,20%,-10%,20%,20%,8%,-10%,-9%,-10%
17/06/2021,20%,20%,20%,-10%,-10%,2%,18%,20%,20%,-10%,0%,-10%,-10%,-10%,15%,20%,4%,20%,-10%,-10%
18/06/2021,20%,20%,20%,-10%,-10%,11%,20%,20%,0%,-10%,-10%,-10%,-10%,9%,20%,20%,-1%,-10%,20%,-10%
21/06/2021,20%,20%,20%,-10%,-10%,16%,17%,-7%,-6%,-10%,-10%,-10%,-10%,20%,20%,20%,-10%,20%,20%,-10%
22/06/2021,20%,20%,-4%,-3%,-10%,4%,13%,-10%,12%,-10%,-10%,20%,-10%,20%,20%,8%,-10%,20%,20%,-10%
23/06/2021,20%,20%,-10%,-4%,-10%,12%,-3%,-10%,13%,-10%,-10%,20%,20%,20%,20%,-10%,-7%,-10%,20%,20%
24/06/2021,1%,16%,-10%,0%,-10%,13%,-8%,-10%,14%,9%,-9%,20%,20%,20%,-10%,-10%,-7%,20%,20%,19%
25/06/2021,-8%,-10%,-10%,-2%,-10%,20%,5%,-10%,20%,20%,-10%,5%,20%,20%,20%,12%,-10%,20%,7%,0%
28/06/2021,-8%,20%,-10%,-2%,-10%,20%,10%,-10%,20%,20%,5%,-10%,20%,20%,-10%,20%,-10%,20%,-6%,2%
29/06/2021,14%,20%,-10%,-10%,-9%,7%,12%,-10%,15%,20%,4%,-8%,6%,20%,-10%,20%,-10%,20%,20%,-10%
30/06/2021,20%,20%,-10%,-10%,20%,-2%,16%,-10%,20%,20%,7%,-10%,-2%,20%,-10%,20%,-10%,-9%,20%,-10%
01/07/2021,20%,20%,-6%,-10%,5%,-2%,20%,-10%,-4%,20%,4%,-10%,-10%,20%,-10%,20%,3%,19%,20%,-10%
02/07/2021,20%,20%,-9%,16%,-10%,-8%,0%,-10%,12%,20%,-10%,4%,-10%,20%,-5%,20%,-1%,20%,20%,-10%
06/07/2021,20%,-4%,20%,20%,1%,-9%,1%,0%,20%,-10%,-10%,-10%,-10%,2%,6%,20%,13%,20%,20%,-10%
07/07/2021,20%,5%,20%,-5%,-8%,-10%,-7%,20%,20%,-10%,-10%,20%,-10%,13%,-10%,12%,10%,20%,20%,-10%
08/07/2021,20%,-10%,20%,-10%,-10%,-10%,-10%,20%,20%,20%,-10%,20%,-10%,-10%,-10%,20%,20%,20%,20%,-10%
09/07/2021,20%,-10%,20%,-10%,20%,-10%,-10%,19%,20%,-10%,20%,-3%,-10%,10%,-10%,0%,14%,20%,20%,-10%
12/07/2021,20%,-10%,8%,-10%,20%,2%,-10%,-6%,20%,20%,20%,-10%,-10%,18%,-10%,-10%,17%,8%,3%,20%
13/07/2021,-4%,-10%,-10%,-1%,13%,20%,-10%,13%,20%,20%,20%,13%,-5%,-10%,20%,-10%,18%,11%,-10%,2%
14/07/2021,20%,-7%,-10%,20%,20%,-1%,-10%,-1%,20%,20%,14%,20%,-10%,3%,20%,-4%,3%,1%,-8%,-10%
15/07/2021,20%,2%,-10%,-4%,-3%,-4%,-10%,20%,20%,20%,-2%,20%,-10%,18%,20%,20%,4%,-10%,-1%,-10%
16/07/2021,20%,19%,-10%,-10%,20%,-10%,-10%,20%,20%,-10%,-10%,20%,-10%,20%,20%,20%,2%,-6%,4%,-10%
19/07/2021,20%,20%,-10%,-10%,17%,-6%,-10%,20%,7%,-10%,-10%,20%,-10%,20%,-2%,20%,-6%,20%,20%,-10%
20/07/2021,-10%,20%,-10%,-10%,20%,14%,-10%,20%,20%,-10%,-10%,19%,-10%,20%,-10%,10%,6%,20%,20%,-10%
21/07/2021,-10%,20%,-10%,20%,20%,9%,8%,20%,-8%,-10%,13%,-10%,-10%,20%,-10%,-10%,13%,20%,20%,-5%
22/07/2021,-10%,20%,8%,0%,20%,-1%,20%,17%,-10%,-10%,17%,-10%,5%,20%,-10%,-10%,1%,20%,20%,-7%
23/07/2021,8%,19%,-10%,20%,8%,-8%,-9%,20%,4%,20%,8%,-10%,-10%,20%,20%,-8%,-2%,20%,-10%,-1%
26/07/2021,-10%,11%,-2%,20%,-10%,-9%,-5%,20%,-10%,20%,14%,15%,-10%,20%,20%,20%,-5%,20%,-10%,-8%
27/07/2021,7%,3%,-6%,20%,20%,-4%,-10%,20%,-3%,-10%,-5%,20%,-10%,20%,20%,20%,-1%,20%,-10%,-10%
28/07/2021,-10%,-10%,-10%,20%,12%,-1%,-10%,20%,-10%,20%,8%,20%,-6%,13%,3%,20%,4%,20%,-10%,7%
29/07/2021,-10%,-10%,-10%,20%,20%,11%,-4%,-10%,-10%,20%,6%,16%,20%,-10%,-10%,17%,14%,20%,-10%,20%
30/07/2021,-10%,-10%,-10%,20%,20%,20%,5%,-10%,20%,20%,17%,-10%,18%,12%,-10%,20%,-10%,20%,-10%,-10%
02/08/2021,-10%,3%,-10%,20%,15%,20%,10%,-10%,20%,20%,20%,-10%,8%,20%,-10%,4%,-10%,20%,-9%,-10%
03/08/2021,17%,5%,-10%,-10%,20%,20%,-4%,9%,20%,20%,9%,-10%,-6%,20%,-10%,-10%,-10%,20%,20%,-10%
04/08/2021,19%,11%,-10%,-10%,20%,12%,5%,9%,20%,7%,4%,-10%,-10%,20%,-10%,8%,-10%,20%,14%,-10%
05/08/2021,0%,20%,-1%,-10%,20%,10%,18%,20%,11%,20%,-6%,-10%,10%,20%,-10%,-6%,-10%,20%,-5%,-10%
06/08/2021,-1%,20%,-9%,-10%,20%,-3%,4%,12%,-1%,20%,-4%,15%,20%,20%,-10%,-2%,-10%,20%,0%,-2%
09/08/2021,-10%,0%,-10%,6%,20%,-1%,3%,20%,-10%,20%,-1%,20%,20%,6%,20%,2%,-10%,20%,-10%,-6%
10/08/2021,-10%,-10%,-10%,8%,20%,0%,-10%,20%,-10%,20%,-5%,20%,20%,15%,-7%,9%,-5%,20%,-7%,20%
11/08/2021,-5%,-9%,-10%,2%,20%,0%,-10%,20%,0%,20%,-1%,-10%,20%,20%,-10%,13%,-10%,20%,10%,20%
12/08/2021,20%,-10%,-10%,20%,20%,6%,-10%,-2%,-10%,20%,-8%,-10%,20%,20%,-10%,20%,4%,5%,-5%,20%
13/08/2021,20%,20%,-10%,8%,-10%,0%,-10%,-10%,-10%,20%,-6%,-10%,20%,20%,-10%,20%,20%,-10%,18%,20%
16/08/2021,20%,20%,-10%,20%,-5%,-2%,-10%,-10%,17%,-2%,7%,-10%,-10%,20%,-10%,20%,20%,-7%,20%,12%
17/08/2021,20%,20%,-10%,15%,15%,-8%,-6%,-10%,20%,-10%,2%,12%,-10%,-10%,-10%,20%,20%,20%,20%,-10%
18/08/2021,14%,20%,-10%,-3%,20%,-10%,-10%,-10%,20%,-10%,-9%,20%,-10%,-10%,18%,20%,20%,20%,20%,-10%
19/08/2021,7%,20%,-10%,-10%,20%,-9%,-8%,20%,20%,-10%,-4%,20%,-10%,-10%,-5%,20%,20%,20%,20%,-10%
20/08/2021,-10%,20%,-10%,5%,20%,2%,20%,20%,20%,-10%,-10%,-10%,-10%,8%,-10%,20%,20%,20%,6%,-10%
23/08/2021,-10%,20%,-10%,20%,-5%,11%,20%,20%,20%,20%,3%,-10%,-10%,20%,-10%,20%,2%,-1%,-10%,-10%
24/08/2021,-5%,20%,-6%,20%,-10%,0%,20%,20%,19%,20%,6%,-10%,-4%,20%,-10%,20%,9%,-10%,-10%,-10%
25/08/2021,-10%,-10%,14%,20%,1%,11%,20%,20%,-10%,20%,-1%,-10%,20%,7%,-10%,-3%,20%,-10%,-10%,20%
26/08/2021,-10%,-10%,20%,20%,12%,9%,13%,20%,-10%,20%,16%,-10%,20%,-10%,-10%,-10%,20%,-10%,-10%,20%
27/08/2021,-10%,-10%,20%,20%,20%,0%,-3%,20%,-10%,20%,20%,-10%,20%,-10%,-10%,-10%,15%,-10%,12%,17%
30/08/2021,9%,-10%,20%,20%,-10%,3%,10%,20%,-10%,20%,20%,-10%,-5%,20%,-10%,-10%,6%,20%,8%,-10%
31/08/2021,20%,-10%,20%,20%,4%,9%,-10%,20%,-5%,-1%,20%,-10%,-10%,20%,-10%,15%,8%,-10%,20%,-10%
01/09/2021,20%,-10%,20%,20%,20%,12%,-10%,20%,10%,-10%,9%,-10%,-10%,20%,-10%,20%,-10%,-10%,20%,-10%
02/09/2021,20%,13%,20%,-10%,20%,8%,-10%,3%,20%,-10%,-5%,-10%,-10%,20%,-10%,20%,-10%,20%,20%,-9%
03/09/2021,20%,-10%,20%,-10%,-10%,3%,-2%,12%,20%,20%,1%,-10%,-10%,20%,-10%,20%,-10%,17%,20%,-1%
07/09/2021,20%,-10%,20%,-10%,-10%,6%,2%,20%,20%,20%,1%,-10%,-10%,20%,-10%,20%,-10%,11%,20%,-10%
08/09/2021,20%,-10%,20%,-10%,-10%,20%,-10%,-10%,20%,20%,20%,-10%,-10%,20%,20%,17%,-10%,7%,-6%,2%
09/09/2021,19%,-10%,18%,2%,-10%,18%,-10%,20%,-10%,20%,13%,20%,20%,20%,20%,-10%,-10%,-10%,-10%,-10%
10/09/2021,-10%,-10%,20%,-10%,20%,20%,-10%,20%,-10%,20%,20%,20%,9%,20%,20%,-10%,-10%,-10%,1%,-10%
13/09/2021,-10%,19%,-10%,6%,20%,-2%,-10%,-10%,-8%,20%,20%,20%,-1%,20%,20%,-10%,8%,-10%,20%,-1%
14/09/2021,-10%,20%,-10%,20%,20%,1%,-2%,13%,20%,20%,20%,-10%,-10%,20%,15%,-10%,-10%,-10%,12%,-10%
15/09/2021,-10%,20%,-10%,20%,20%,0%,-3%,5%,20%,8%,20%,-10%,-10%,20%,-10%,2%,14%,-10%,20%,-6%
16/09/2021,-10%,20%,-10%,20%,19%,10%,-10%,20%,20%,20%,20%,-10%,-8%,20%,-10%,-10%,20%,-10%,-1%,-10%
17/09/2021,-10%,20%,20%,19%,20%,20%,-10%,-10%,20%,-10%,20%,-10%,17%,20%,-10%,-6%,20%,-10%,-10%,-10%
20/09/2021,-10%,-8%,-10%,-10%,20%,20%,-10%,-10%,20%,-10%,18%,20%,-10%,20%,-10%,20%,20%,20%,20%,-10%
21/09/2021,-10%,-10%,-10%,-10%,20%,4%,-10%,-10%,20%,-10%,-10%,20%,6%,20%,20%,20%,20%,20%,20%,-10%
22/09/2021,-10%,-10%,-10%,-10%,20%,11%,-10%,-10%,0%,17%,8%,20%,20%,20%,20%,20%,4%,20%,-10%,-10%
23/09/2021,20%,-10%,-10%,-10%,-10%,-10%,20%,20%,-10%,20%,-10%,20%,20%,20%,20%,20%,-10%,20%,-10%,-10%
24/09/2021,7%,-10%,-10%,-10%,-9%,5%,-3%,20%,-10%,20%,2%,20%,20%,20%,20%,20%,-4%,6%,-10%,6%
27/09/2021,-9%,-10%,-1%,7%,12%,7%,-10%,-10%,-10%,20%,9%,20%,20%,20%,20%,20%,0%,-9%,-10%,14%
28/09/2021,-10%,-10%,-6%,-10%,20%,11%,-10%,-10%,-10%,20%,-5%,20%,20%,9%,20%,20%,13%,-10%,9%,20%
29/09/2021,-10%,-10%,-10%,-10%,20%,15%,-10%,-10%,-5%,20%,-10%,18%,20%,20%,20%,20%,20%,-10%,-3%,16%
30/09/2021,-10%,6%,-7%,-9%,20%,-6%,20%,19%,20%,-6%,15%,20%,-5%,20%,-7%,-6%,-6%,9%,20%,-6%
01/10/2021,19%,-1%,-10%,-10%,20%,2%,-10%,-10%,-10%,20%,-9%,20%,20%,-10%,20%,20%,20%,20%,-1%,-10%
04/10/2021,2%,20%,-10%,-1%,3%,4%,-10%,-10%,-10%,20%,-7%,20%,20%,-1%,20%,20%,20%,20%,-10%,-10%
05/10/2021,-10%,20%,-10%,20%,20%,3%,-9%,20%,-10%,20%,3%,1%,20%,-10%,-10%,20%,13%,19%,-10%,-10%
06/10/2021,-10%,20%,-10%,11%,20%,-1%,-10%,20%,6%,20%,3%,14%,20%,14%,-10%,20%,3%,-10%,-10%,-10%
07/10/2021,-10%,20%,-10%,5%,20%,4%,-6%,20%,20%,11%,6%,-10%,20%,20%,-10%,1%,2%,17%,-10%,-10%
08/10/2021,-8%,20%,-10%,14%,20%,-5%,1%,20%,20%,3%,9%,-10%,-7%,20%,4%,-10%,-4%,20%,14%,-10%
11/10/2021,-4%,20%,-10%,20%,20%,1%,-10%,9%,20%,-10%,10%,-10%,-10%,20%,20%,-10%,-6%,20%,20%,-10%
12/10/2021,16%,20%,-10%,-10%,20%,16%,-5%,19%,20%,-10%,3%,-10%,-10%,20%,-10%,0%,-3%,20%,20%,-6%
13/10/2021,-3%,20%,20%,-7%,20%,20%,-3%,20%,20%,-10%,-4%,-10%,-6%,20%,-10%,-10%,-7%,20%,20%,-10%
14/10/2021,4%,20%,-10%,4%,-4%,13%,8%,20%,20%,-10%,5%,-10%,20%,20%,-10%,-10%,-10%,20%,20%,-10%
15/10/2021,-10%,20%,20%,-10%,4%,5%,1%,-1%,20%,-10%,1%,12%,20%,20%,-10%,-10%,-10%,20%,20%,-1%
18/10/2021,-7%,20%,11%,20%,-10%,4%,-1%,-9%,20%,-10%,4%,-7%,20%,20%,2%,-10%,-10%,20%,20%,3%
19/10/2021,9%,-10%,-6%,-10%,-10%,4%,-6%,7%,20%,3%,4%,12%,20%,20%,20%,-10%,-10%,18%,20%,6%
20/10/2021,12%,-10%,11%,-10%,-10%,6%,-10%,-10%,15%,20%,-1%,-2%,12%,20%,20%,20%,-10%,20%,-6%,13%
21/10/2021,20%,20%,-10%,-10%,-6%,6%,2%,-2%,20%,20%,2%,-10%,-10%,20%,-10%,20%,-10%,20%,20%,-2%
22/10/2021,10%,-2%,-10%,-10%,20%,5%,2%,-10%,20%,20%,6%,-2%,-6%,20%,-10%,20%,-1%,18%,20%,-10%
25/10/2021,-6%,-5%,-10%,-10%,20%,11%,7%,-10%,20%,7%,8%,4%,6%,20%,-10%,20%,-1%,19%,20%,-10%
26/10/2021,-10%,-1%,-10%,-10%,20%,20%,14%,-10%,20%,-10%,14%,-4%,7%,20%,-7%,20%,-3%,20%,20%,-10%
27/10/2021,-10%,10%,-10%,19%,17%,20%,13%,-10%,20%,-10%,3%,-10%,-2%,20%,-10%,20%,-10%,20%,20%,-10%
28/10/2021,-10%,20%,-10%,20%,-2%,18%,8%,20%,11%,-10%,-1%,-10%,-5%,20%,-10%,20%,-10%,20%,20%,-10%
29/10/2021,-10%,20%,-10%,20%,-10%,5%,9%,20%,15%,-10%,0%,-10%,4%,8%,-10%,20%,9%,20%,20%,-10%
01/11/2021,-10%,20%,-10%,20%,-10%,19%,1%,20%,4%,-10%,-9%,-10%,3%,14%,-10%,20%,20%,19%,-10%,20%
02/11/2021,-2%,20%,-10%,-10%,-4%,20%,12%,-10%,9%,20%,6%,-10%,4%,-4%,-10%,20%,20%,20%,-10%,20%
03/11/2021,20%,-10%,20%,20%,20%,-10%,-10%,-10%,20%,20%,-10%,20%,-10%,20%,20%,-10%,-10%,-10%,20%,-10%
04/11/2021,-10%,12%,20%,-10%,20%,20%,20%,-10%,-5%,-6%,19%,-10%,-10%,20%,-10%,20%,20%,20%,-10%,-10%
05/11/2021,-10%,-10%,20%,11%,20%,-4%,20%,20%,10%,-10%,20%,-10%,-10%,20%,11%,-10%,11%,20%,-10%,-10%
08/11/2021,-10%,-10%,20%,4%,20%,1%,20%,-10%,20%,-10%,15%,20%,-10%,9%,20%,-10%,-10%,20%,-5%,5%
09/11/2021,-10%,-10%,20%,-10%,6%,-10%,20%,9%,20%,-10%,17%,20%,-10%,20%,20%,-10%,-10%,18%,-10%,20%
10/11/2021,-10%,-10%,20%,-10%,9%,-10%,-9%,-10%,20%,20%,16%,20%,-9%,8%,20%,-10%,8%,-3%,20%,20%
11/11/2021,-10%,-9%,-4%,-10%,-10%,-10%,6%,-8%,20%,1%,3%,-10%,20%,20%,20%,20%,0%,20%,20%,20%
12/11/2021,-7%,-10%,20%,-10%,-6%,-10%,-10%,20%,2%,-10%,18%,-10%,11%,20%,20%,20%,13%,19%,20%,-10%
15/11/2021,-10%,16%,-10%,-10%,12%,2%,-10%,20%,-10%,-10%,20%,-10%,20%,20%,20%,20%,20%,-10%,20%,-10%
16/11/2021,20%,20%,2%,6%,-5%,-10%,-4%,20%,-10%,-10%,20%,-10%,6%,20%,20%,20%,-1%,-10%,16%,-10%
17/11/2021,20%,20%,10%,20%,10%,-2%,-10%,2%,-10%,-10%,20%,-10%,-10%,20%,20%,6%,10%,15%,-10%,-10%
18/11/2021,20%,20%,20%,17%,-8%,13%,-10%,-10%,-9%,-10%,17%,-10%,11%,20%,-10%,20%,8%,20%,-10%,-10%
19/11/2021,20%,20%,20%,-10%,20%,19%,17%,-3%,-3%,-10%,-4%,-10%,-10%,20%,-10%,5%,5%,20%,4%,-10%
22/11/2021,20%,3%,18%,-10%,20%,20%,18%,-10%,-7%,20%,-10%,-10%,-10%,20%,-10%,1%,5%,20%,13%,-10%
23/11/2021,20%,-10%,4%,-10%,20%,9%,20%,-10%,-3%,20%,-10%,-10%,-3%,20%,-10%,20%,3%,20%,20%,-10%
24/11/2021,20%,-10%,-10%,-10%,20%,5%,5%,-10%,6%,20%,-10%,-10%,20%,20%,-10%,-5%,15%,20%,4%,20%
26/11/2021,15%,-10%,-10%,-10%,20%,-5%,-10%,-10%,20%,20%,-10%,20%,20%,11%,-10%,2%,20%,20%,-10%,17%
29/11/2021,-1%,-10%,-2%,-10%,20%,-10%,6%,17%,20%,-10%,20%,20%,3%,20%,20%,-10%,20%,6%,-10%,-10%
30/11/2021,20%,20%,2%,20%,-10%,20%,20%,-10%,20%,-10%,20%,20%,-10%,20%,-10%,-10%,8%,-10%,-10%,-10%
01/12/2021,20%,20%,-9%,20%,20%,20%,5%,2%,20%,-10%,20%,-10%,-10%,20%,-10%,-10%,20%,-8%,-10%,-10%
02/12/2021,20%,15%,-10%,19%,-9%,4%,-1%,20%,20%,20%,20%,2%,-10%,20%,-10%,-10%,20%,-10%,-10%,-10%
03/12/2021,20%,-10%,-10%,-10%,10%,-10%,-10%,-10%,20%,14%,10%,20%,-10%,20%,20%,14%,20%,-10%,-7%,20%
06/12/2021,-10%,-10%,-10%,-10%,20%,-10%,-10%,11%,20%,7%,13%,20%,-10%,20%,20%,-10%,20%,2%,11%,16%
07/12/2021,-10%,-10%,-10%,-8%,20%,-10%,-10%,20%,20%,8%,18%,20%,-10%,20%,20%,-10%,12%,-10%,20%,10%
08/12/2021,20%,-10%,-10%,20%,20%,-10%,-10%,-8%,20%,-10%,20%,20%,-10%,4%,20%,-9%,20%,-10%,14%,8%
09/12/2021,20%,-10%,-10%,20%,20%,2%,-10%,-7%,20%,2%,13%,20%,-10%,-6%,20%,-7%,18%,-10%,17%,-2%
10/12/2021,20%,15%,-10%,18%,20%,-6%,-10%,-10%,20%,-10%,20%,20%,-4%,-10%,20%,-8%,15%,-10%,20%,-10%
13/12/2021,20%,5%,-10%,-10%,20%,-9%,-10%,-10%,20%,-10%,20%,20%,-10%,-10%,19%,20%,20%,12%,13%,-10%
14/12/2021,7%,10%,-10%,-10%,20%,-10%,-10%,-10%,20%,-10%,20%,20%,11%,-10%,2%,20%,20%,20%,9%,-9%
15/12/2021,20%,-8%,-7%,-10%,20%,-6%,-10%,2%,20%,-10%,20%,20%,-5%,1%,-3%,20%,20%,20%,4%,-7%
16/12/2021,-10%,-10%,2%,-10%,20%,-5%,-6%,-10%,20%,13%,4%,20%,2%,-10%,14%,20%,20%,20%,2%,6%
17/12/2021,-10%,-10%,8%,-10%,20%,-7%,-10%,-10%,20%,-10%,19%,15%,16%,-10%,20%,20%,12%,20%,7%,0%
20/12/2021,-10%,-10%,9%,-2%,8%,-6%,-10%,-10%,20%,-10%,20%,20%,1%,-10%,20%,20%,20%,20%,20%,-10%
21/12/2021,-10%,-10%,-1%,-2%,20%,-10%,-10%,-10%,14%,9%,20%,20%,20%,-10%,20%,20%,20%,-10%,20%,-10%
22/12/2021,20%,20%,-8%,-1%,-10%,7%,7%,20%,19%,-10%,20%,20%,-10%,-10%,-7%,20%,3%,-10%,20%,-10%
23/12/2021,-4%,20%,-10%,20%,-10%,20%,8%,-10%,11%,-10%,19%,-10%,-9%,20%,16%,-10%,8%,20%,20%,-10%
27/12/2021,12%,20%,-10%,3%,-10%,20%,2%,-10%,13%,11%,-5%,-10%,-8%,20%,20%,-10%,-5%,20%,20%,6%
28/12/2021,11%,20%,-10%,-4%,-10%,20%,-4%,-10%,19%,3%,3%,-10%,-10%,20%,-1%,10%,3%,20%,20%,10%
29/12/2021,10%,20%,-10%,-10%,20%,15%,-5%,-10%,20%,-2%,6%,-10%,-10%,20%,-10%,6%,5%,20%,20%,4%
30/12/2021,19%,20%,-10%,-10%,20%,2%,-6%,-10%,20%,11%,-3%,1%,-10%,20%,-10%,20%,11%,18%,7%,-10%
31/12/2021,-10%,-10%,-10%,-10%,20%,-9%,-10%,-10%,20%,20%,-1%,20%,-10%,20%,20%,20%,20%,-3%,8%,15%
03/01/2022,20%,-10%,-7%,-10%,20%,-8%,-10%,-10%,7%,20%,-7%,20%,20%,20%,20%,20%,18%,-10%,-10%,-4%
04/01/2022,1%,-10%,-10%,-10%,20%,20%,-10%,-10%,-10%,20%,-9%,20%,20%,9%,20%,20%,1%,-10%,7%,20%
05/01/2022,-2%,-10%,-10%,-10%,20%,15%,-10%,-10%,-10%,20%,-10%,20%,20%,12%,20%,20%,8%,-10%,7%,20%
06/01/2022,-9%,-10%,2%,-10%,20%,7%,-10%,-10%,-10%,20%,-10%,20%,20%,-2%,20%,20%,13%,-10%,20%,20%
07/01/2022,-10%,-10%,0%,-10%,20%,-10%,-10%,-10%,-10%,20%,-9%,20%,20%,4%,20%,20%,17%,-2%,20%,20%
10/01/2022,-5%,-10%,12%,-4%,20%,-10%,-10%,-10%,-10%,20%,-10%,-10%,20%,-10%,20%,20%,20%,20%,18%,20%
11/01/2022,8%,-10%,9%,20%,20%,-4%,-2%,20%,-10%,20%,-10%,-10%,20%,-10%,-10%,20%,14%,20%,-6%,1%
12/01/2022,20%,17%,-3%,20%,20%,2%,-10%,20%,13%,20%,-10%,-10%,15%,-10%,-10%,20%,16%,-10%,-10%,-10%
13/01/2022,20%,-10%,-10%,20%,20%,20%,-10%,20%,20%,20%,-10%,-10%,-10%,-10%,11%,20%,-1%,-10%,-10%,20%
14/01/2022,20%,-10%,1%,15%,20%,-3%,-10%,20%,20%,-10%,-10%,20%,-10%,-10%,20%,20%,7%,-10%,-10%,20%
18/01/2022,8%,-10%,-10%,20%,20%,3%,-10%,-5%,20%,-10%,-10%,20%,-10%,-10%,20%,20%,20%,-10%,14%,20%
19/01/2022,-1%,-10%,-10%,-10%,20%,-10%,-10%,19%,20%,-10%,-10%,20%,-10%,-10%,20%,20%,20%,11%,20%,20%
20/01/2022,-8%,20%,-10%,5%,20%,4%,-10%,-10%,20%,-10%,-10%,20%,-10%,-10%,20%,20%,20%,20%,14%,-5%
21/01/2022,8%,20%,-10%,-10%,20%,2%,-10%,-10%,20%,-10%,-10%,20%,-10%,-10%,20%,20%,20%,20%,20%,-10%
24/01/2022,-10%,20%,-10%,20%,-10%,-10%,-10%,-10%,20%,1%,-10%,-10%,20%,20%,9%,20%,20%,20%,20%,-10%
25/01/2022,16%,-7%,-10%,-10%,20%,-10%,-10%,-10%,20%,20%,-10%,-10%,20%,20%,-10%,20%,20%,20%,20%,-9%
26/01/2022,-10%,7%,-10%,-10%,20%,-10%,-10%,-10%,20%,20%,20%,-10%,20%,20%,-10%,17%,20%,1%,8%,7%
27/01/2022,-10%,20%,-10%,-10%,20%,-3%,-10%,1%,14%,9%,20%,20%,20%,20%,-10%,20%,20%,-10%,-10%,-10%
28/01/2022,-5%,20%,-10%,-10%,20%,-10%,-10%,15%,2%,-8%,17%,20%,20%,9%,10%,20%,19%,1%,-10%,-10%
31/01/2022,20%,20%,-10%,-8%,-4%,-10%,-10%,20%,9%,4%,20%,20%,-7%,12%,20%,18%,-3%,9%,-10%,-10%
01/02/2022,20%,-10%,11%,-10%,-10%,-8%,-5%,16%,0%,10%,5%,20%,-10%,9%,20%,20%,-9%,20%,20%,-10%
02/02/2022,9%,-10%,-10%,20%,-2%,2%,-2%,4%,4%,8%,11%,20%,-10%,12%,20%,4%,-10%,20%,20%,-10%
03/02/2022,-9%,-10%,-10%,20%,10%,5%,2%,20%,20%,20%,12%,-2%,-10%,1%,8%,-3%,0%,16%,20%,-10%
04/02/2022,-10%,-10%,3%,20%,11%,-8%,-10%,20%,20%,20%,6%,20%,20%,-10%,-10%,-10%,17%,2%,20%,-10%
07/02/2022,-10%,-10%,20%,20%,20%,-1%,-6%,20%,20%,20%,10%,-10%,20%,-10%,-10%,-10%,20%,14%,-7%,-10%
08/02/2022,20%,-10%,20%,-10%,20%,7%,-7%,-10%,20%,20%,10%,0%,20%,5%,-10%,-10%,20%,3%,-1%,-7%
09/02/2022,-8%,20%,20%,-10%,20%,3%,7%,-10%,20%,20%,19%,-10%,20%,6%,-10%,-10%,9%,13%,-10%,-10%
10/02/2022,9%,-9%,20%,-10%,20%,-2%,20%,-10%,20%,20%,1%,-10%,20%,-10%,-10%,-10%,20%,12%,-10%,20%
11/02/2022,6%,20%,-10%,-10%,20%,0%,20%,-10%,20%,20%,-10%,20%,-6%,-10%,-10%,20%,20%,-10%,-10%,20%
14/02/2022,-10%,-10%,-10%,-10%,20%,-10%,-10%,20%,-10%,20%,-10%,20%,-10%,20%,20%,20%,20%,20%,-10%,20%
15/02/2022,18%,-10%,-9%,-10%,20%,-10%,-10%,-10%,-10%,20%,20%,20%,-10%,-8%,20%,20%,20%,20%,-10%,20%
16/02/2022,11%,-10%,-10%,-10%,-10%,10%,12%,-10%,-9%,20%,20%,20%,-10%,-8%,20%,20%,20%,20%,-10%,15%
17/02/2022,9%,-10%,17%,1%,-10%,20%,20%,-10%,-10%,-3%,15%,-10%,-10%,20%,20%,20%,20%,20%,-10%,-10%
18/02/2022,17%,-10%,-4%,-10%,20%,2%,-10%,-10%,3%,20%,20%,0%,-10%,13%,19%,20%,20%,20%,-10%,-10%
22/02/2022,-10%,-10%,18%,-10%,20%,-10%,-10%,-10%,20%,20%,1%,20%,-10%,-10%,20%,20%,20%,20%,10%,-10%
23/02/2022,-10%,-2%,-10%,-10%,20%,-10%,-10%,-10%,20%,20%,20%,12%,-10%,-10%,20%,20%,20%,20%,20%,-10%
24/02/2022,-10%,20%,-10%,20%,20%,-10%,-10%,20%,5%,-10%,20%,-10%,-10%,-10%,20%,5%,20%,20%,20%,-10%
25/02/2022,-10%,20%,-4%,20%,20%,-10%,2%,20%,10%,-10%,17%,-10%,-10%,-10%,-7%,14%,20%,20%,20%,-10%
28/02/2022,-10%,20%,-4%,20%,20%,-3%,4%,20%,20%,-10%,7%,-10%,-10%,6%,-10%,20%,-2%,20%,12%,-10%
01/03/2022,-9%,20%,3%,12%,20%,17%,1%,20%,20%,-10%,-4%,-10%,-10%,20%,-10%,15%,-10%,20%,5%,-10%
02/03/2022,9%,6%,-10%,-10%,20%,12%,-5%,18%,20%,-10%,-2%,-10%,-10%,20%,-10%,20%,3%,20%,10%,9%
03/03/2022,16%,-5%,-10%,-10%,20%,15%,-9%,15%,20%,-10%,-7%,-10%,-10%,20%,-10%,20%,-1%,20%,17%,20%
04/03/2022,11%,-10%,-10%,-10%,20%,-2%,-10%,12%,20%,-10%,16%,-10%,-10%,20%,-10%,20%,12%,20%,12%,20%
07/03/2022,14%,-8%,-10%,0%,20%,-1%,-10%,-10%,20%,-10%,19%,-10%,-10%,20%,-10%,20%,16%,20%,9%,20%
08/03/2022,2%,-10%,-10%,-1%,20%,-4%,-10%,2%,20%,-10%,20%,-10%,-10%,20%,-10%,20%,20%,20%,11%,20%
09/03/2022,-10%,-10%,-10%,20%,20%,6%,-10%,10%,20%,-10%,20%,-10%,-10%,20%,-10%,20%,6%,20%,-2%,20%
10/03/2022,-10%,-10%,20%,20%,20%,12%,-10%,20%,-8%,-10%,2%,-2%,18%,-10%,-10%,20%,3%,20%,-4%,20%
11/03/2022,-10%,-10%,20%,-8%,4%,2%,-8%,20%,-10%,-10%,1%,20%,20%,-10%,20%,20%,-10%,20%,9%,20%
14/03/2022,-10%,-10%,20%,-10%,20%,-9%,-9%,-10%,20%,-8%,-4%,20%,20%,3%,20%,14%,9%,20%,-3%,7%
15/03/2022,-10%,-10%,20%,-10%,20%,-10%,-10%,-10%,16%,-10%,-2%,20%,6%,20%,5%,13%,15%,20%,6%,13%
16/03/2022,-10%,-10%,12%,-10%,20%,-10%,-2%,-10%,-3%,3%,6%,20%,20%,20%,20%,-10%,15%,20%,20%,-10%
17/03/2022,-10%,-10%,15%,-10%,18%,2%,6%,-10%,11%,20%,-2%,20%,-2%,20%,6%,-10%,6%,20%,20%,-10%
18/03/2022,5%,-1%,20%,5%,-10%,8%,14%,-10%,2%,20%,-4%,20%,-10%,20%,-10%,5%,-4%,20%,20%,-10%
21/03/2022,14%,-10%,20%,4%,20%,14%,20%,-10%,1%,20%,-10%,20%,-10%,-10%,-10%,2%,-3%,20%,17%,-10%
22/03/2022,20%,-10%,20%,-5%,20%,17%,9%,20%,-1%,20%,-10%,3%,-10%,-10%,-10%,20%,1%,20%,-10%,-3%
23/03/2022,20%,-7%,20%,20%,20%,20%,4%,18%,-2%,20%,-10%,-4%,-10%,-10%,-10%,20%,-3%,13%,-10%,-10%
24/03/2022,20%,-10%,-2%,20%,20%,20%,-10%,20%,20%,20%,7%,-10%,-10%,-10%,-10%,20%,1%,7%,-10%,-3%
25/03/2022,20%,-10%,-8%,20%,20%,20%,-5%,20%,16%,20%,20%,-10%,-1%,-10%,-10%,20%,0%,-3%,-10%,-10%
28/03/2022,20%,4%,5%,-10%,20%,3%,16%,2%,20%,-10%,18%,2%,-10%,-10%,-10%,20%,5%,20%,7%,-10%
29/03/2022,8%,20%,-10%,-10%,13%,13%,20%,-6%,1%,-10%,19%,20%,-10%,-10%,5%,20%,-2%,10%,20%,-10%
30/03/2022,15%,20%,-4%,-10%,20%,19%,-10%,-10%,10%,-10%,-4%,20%,-10%,-10%,20%,20%,9%,5%,20%,-10%
31/03/2022,15%,20%,-10%,-10%,-10%,20%,-10%,-10%,16%,-10%,4%,20%,-10%,-10%,20%,20%,12%,8%,20%,5%
01/04/2022,9%,14%,-10%,-10%,-10%,1%,-10%,7%,20%,-10%,10%,20%,-10%,-10%,20%,20%,20%,20%,-10%,19%
04/04/2022,1%,1%,-10%,18%,-10%,3%,-10%,20%,20%,-10%,3%,20%,-10%,-10%,14%,20%,11%,20%,-10%,20%
05/04/2022,10%,-6%,0%,20%,-10%,20%,-10%,-10%,20%,-10%,-8%,20%,-10%,20%,20%,20%,13%,20%,-10%,-10%
06/04/2022,13%,5%,-10%,16%,8%,6%,-10%,-10%,20%,-10%,-10%,12%,-10%,20%,20%,20%,20%,20%,-10%,-10%
07/04/2022,20%,4%,-4%,-10%,20%,2%,-10%,7%,20%,5%,-3%,-10%,-10%,20%,-10%,20%,20%,20%,-10%,9%
08/04/2022,11%,-10%,-10%,-10%,20%,-3%,-10%,-10%,20%,20%,-5%,-2%,-7%,20%,15%,20%,20%,20%,-10%,11%
11/04/2022,1%,-10%,-10%,-10%,20%,-2%,-10%,-10%,20%,20%,-2%,-10%,-2%,20%,10%,20%,20%,20%,-5%,20%
12/04/2022,7%,-10%,-10%,-10%,20%,-6%,-10%,-10%,20%,20%,3%,-10%,-2%,20%,20%,20%,8%,20%,-10%,20%
13/04/2022,14%,-10%,0%,-10%,20%,-10%,-10%,-10%,20%,-10%,2%,11%,10%,20%,20%,20%,-10%,17%,-4%,20%
14/04/2022,6%,-10%,19%,-10%,11%,4%,-10%,-10%,20%,-10%,6%,6%,-10%,20%,20%,20%,-10%,-3%,20%,20%
18/04/2022,3%,-10%,20%,2%,18%,12%,-10%,-10%,20%,-10%,20%,19%,-10%,4%,20%,20%,-10%,-10%,-9%,20%
19/04/2022,-10%,-10%,20%,4%,-10%,4%,-9%,2%,18%,-10%,10%,20%,9%,4%,20%,20%,-10%,-10%,18%,20%
20/04/2022,-10%,-10%,-5%,-10%,5%,-1%,-10%,-10%,20%,20%,11%,20%,13%,20%,20%,20%,-10%,-10%,6%,20%
21/04/2022,-1%,5%,-10%,-10%,-10%,-2%,-10%,-10%,20%,20%,20%,20%,20%,20%,20%,12%,-10%,-10%,1%,14%
22/04/2022,19%,13%,-10%,-10%,-10%,7%,-10%,-10%,20%,20%,20%,8%,-10%,20%,20%,20%,-7%,-10%,20%,-10%
25/04/2022,7%,20%,-10%,-10%,-10%,1%,-10%,-10%,20%,9%,20%,15%,-10%,20%,8%,20%,20%,-10%,20%,-10%
26/04/2022,20%,20%,-10%,-10%,20%,20%,-10%,-10%,-10%,-10%,-10%,-10%,-10%,20%,20%,20%,20%,20%,20%,-10%
27/04/2022,-10%,20%,-10%,-10%,20%,-10%,-10%,-10%,16%,-10%,-6%,20%,-10%,20%,20%,20%,20%,20%,20%,-10%
28/04/2022,0%,20%,-8%,-10%,-2%,-10%,-8%,2%,14%,-10%,0%,20%,-2%,20%,20%,20%,2%,20%,20%,-10%
29/04/2022,20%,20%,-10%,-10%,-4%,-10%,-7%,-10%,20%,-10%,-8%,20%,6%,20%,20%,20%,-10%,20%,4%,9%
02/05/2022,7%,20%,-10%,-10%,-10%,0%,-5%,-10%,2%,-10%,18%,20%,13%,20%,20%,20%,-10%,20%,-7%,11%
03/05/2022,14%,-10%,-10%,20%,-10%,4%,12%,20%,-10%,20%,20%,-10%,20%,20%,-10%,20%,-10%,20%,-10%,-10%
04/05/2022,-4%,-10%,-10%,20%,-10%,11%,-5%,20%,-10%,20%,20%,-10%,20%,20%,-10%,20%,-10%,18%,-10%,20%
05/05/2022,-3%,11%,-10%,20%,-10%,14%,-3%,16%,-10%,20%,20%,-10%,20%,16%,-10%,-2%,20%,7%,-10%,4%
06/05/2022,7%,-10%,-10%,19%,2%,-8%,-10%,-10%,4%,20%,15%,-10%,20%,-10%,-10%,20%,20%,20%,20%,12%
09/05/2022,0%,-10%,-10%,7%,20%,-8%,-10%,-10%,15%,20%,12%,-10%,6%,14%,-10%,20%,20%,20%,20%,-7%
10/05/2022,-4%,-10%,-10%,20%,20%,-10%,-10%,8%,20%,20%,20%,-10%,-10%,-4%,-10%,20%,20%,20%,20%,-10%
11/05/2022,7%,-10%,-10%,20%,20%,-10%,-10%,20%,20%,-5%,20%,-2%,-10%,-10%,-10%,20%,20%,20%,20%,-10%
12/05/2022,-10%,-10%,-10%,20%,20%,-10%,-10%,20%,2%,-6%,20%,4%,-10%,20%,-10%,20%,20%,20%,20%,-10%
13/05/2022,-10%,-10%,20%,20%,13%,-10%,-10%,20%,3%,-10%,20%,20%,-10%,20%,-10%,20%,13%,20%,-10%,-9%
16/05/2022,-10%,-10%,20%,-10%,-10%,-10%,-10%,0%,7%,15%,11%,20%,-10%,20%,16%,20%,13%,20%,-10%,17%
17/05/2022,-10%,-10%,20%,4%,-10%,-5%,3%,-10%,5%,20%,20%,20%,-10%,20%,-8%,20%,-3%,20%,14%,0%
18/05/2022,1%,20%,10%,-10%,-10%,5%,20%,-10%,3%,20%,-10%,20%,-10%,-10%,20%,20%,-10%,20%,-10%,20%
19/05/2022,-10%,-10%,-10%,-10%,20%,-10%,-4%,-10%,20%,20%,-10%,20%,6%,0%,20%,20%,19%,20%,-10%,20%
20/05/2022,-10%,-10%,9%,-10%,20%,1%,-3%,-10%,20%,20%,-10%,20%,6%,18%,20%,20%,-2%,20%,-10%,-10%
23/05/2022,-10%,20%,-10%,-10%,20%,-10%,-10%,6%,20%,20%,-10%,20%,20%,-5%,20%,20%,-6%,20%,-6%,-10%
24/05/2022,6%,20%,-10%,-10%,-5%,-9%,-10%,-10%,20%,20%,-10%,20%,12%,17%,17%,20%,-10%,20%,13%,-10%
25/05/2022,13%,20%,-10%,-10%,-10%,-10%,-10%,-10%,20%,20%,-10%,20%,13%,12%,17%,14%,-10%,20%,20%,-10%
26/05/2022,13%,20%,-10%,-10%,-10%,-3%,-4%,-10%,16%,20%,-10%,20%,20%,20%,0%,-10%,-10%,20%,12%,17%
27/05/2022,-10%,12%,20%,-10%,6%,4%,4%,-10%,18%,20%,20%,-9%,-10%,20%,-10%,-8%,-7%,20%,20%,9%
31/05/2022,-8%,-10%,20%,4%,-4%,20%,8%,20%,-10%,20%,20%,7%,-7%,20%,-10%,-10%,-10%,20%,18%,-9%
01/06/2022,10%,-10%,20%,20%,-8%,17%,-7%,20%,-10%,20%,20%,-1%,-10%,12%,-10%,-10%,-10%,20%,20%,-3%
02/06/2022,20%,-10%,20%,20%,4%,6%,-7%,20%,-10%,20%,13%,1%,-10%,7%,10%,-4%,-10%,-10%,20%,-1%
03/06/2022,-10%,-10%,20%,20%,-10%,8%,-8%,20%,-10%,20%,-10%,20%,-10%,20%,20%,-10%,-1%,-10%,20%,20%
06/06/2022,-10%,-10%,20%,20%,15%,-10%,-9%,20%,-2%,-10%,-10%,20%,-10%,20%,20%,0%,6%,-10%,20%,20%
07/06/2022,-10%,-10%,-10%,20%,14%,-10%,3%,20%,13%,-10%,-10%,20%,-10%,20%,20%,-8%,18%,-10%,20%,20%
08/06/2022,-10%,-10%,-10%,20%,-3%,-10%,-10%,12%,20%,-10%,8%,20%,-2%,-10%,20%,20%,20%,20%,-6%,20%
09/06/2022,18%,-10%,-10%,20%,-10%,19%,-10%,20%,20%,-10%,7%,-10%,-10%,9%,10%,13%,4%,20%,-10%,20%
10/06/2022,-10%,20%,-10%,20%,-10%,20%,-10%,-10%,20%,-10%,20%,-10%,-10%,20%,-10%,20%,20%,20%,-10%,20%
13/06/2022,-10%,-10%,-10%,20%,-10%,20%,-10%,20%,20%,-10%,-10%,-10%,-10%,20%,-10%,20%,20%,20%,20%,20%
14/06/2022,-10%,-10%,-10%,20%,-10%,-10%,-10%,20%,20%,-10%,20%,20%,-10%,20%,-10%,20%,20%,20%,20%,-10%
15/06/2022,20%,-10%,-10%,20%,-10%,20%,-10%,20%,-10%,-10%,20%,20%,-10%,-10%,-10%,20%,20%,20%,20%,-10%
16/06/2022,20%,20%,-10%,20%,-10%,20%,-10%,20%,-10%,-10%,-10%,-10%,20%,-10%,-10%,20%,20%,20%,20%,-10%
17/06/2022,8%,20%,20%,20%,-10%,3%,5%,20%,-10%,-10%,-10%,-10%,20%,-10%,-10%,20%,4%,20%,20%,-10%
21/06/2022,0%,20%,20%,13%,-10%,-4%,-1%,20%,-5%,19%,-10%,-10%,20%,-10%,-10%,20%,17%,20%,0%,-10%
22/06/2022,6%,4%,11%,20%,-10%,4%,-8%,2%,20%,5%,-10%,-10%,20%,-10%,-10%,20%,20%,20%,17%,-10%
23/06/2022,19%,0%,20%,19%,-10%,8%,-7%,-10%,20%,7%,-10%,9%,-10%,-9%,-10%,20%,14%,20%,20%,-10%
24/06/2022,9%,-10%,11%,20%,-10%,4%,-5%,-6%,20%,13%,-9%,20%,-10%,6%,-10%,20%,8%,20%,20%,-10%
27/06/2022,10%,-2%,7%,-10%,12%,1%,-7%,12%,17%,-10%,-7%,20%,-10%,20%,-10%,20%,9%,20%,18%,-10%
28/06/2022,19%,20%,-10%,-10%,20%,3%,-10%,0%,20%,-10%,-4%,20%,-10%,5%,-10%,20%,7%,20%,20%,-10%
29/06/2022,8%,-10%,-10%,-10%,20%,-5%,-10%,-10%,20%,20%,-8%,20%,-10%,-10%,20%,1%,20%,20%,15%,20%
30/06/2022,20%,-2%,-10%,-10%,20%,-10%,-10%,-10%,20%,-10%,-2%,-4%,4%,20%,-2%,20%,20%,20%,20%,6%
01/07/2022,19%,19%,-10%,-10%,20%,-10%,-10%,-10%,20%,18%,-10%,14%,-10%,20%,-10%,-1%,20%,20%,20%,-10%
05/07/2022,20%,20%,20%,-10%,20%,-2%,-10%,-4%,-1%,-10%,-10%,16%,-10%,20%,-10%,20%,1%,20%,20%,-10%
06/07/2022,20%,16%,20%,1%,20%,1%,-10%,20%,-5%,-10%,-10%,-4%,-10%,20%,-10%,20%,-10%,20%,20%,-10%
07/07/2022,20%,3%,20%,20%,20%,3%,-10%,20%,-10%,10%,-5%,-6%,-10%,20%,-10%,20%,-10%,8%,7%,-10%
08/07/2022,20%,-10%,15%,20%,20%,12%,9%,20%,-8%,-8%,7%,-10%,-10%,20%,-10%,20%,-10%,20%,-7%,-10%
11/07/2022,19%,-10%,-10%,20%,20%,17%,-8%,20%,20%,-10%,4%,20%,-8%,12%,-10%,20%,-10%,10%,-10%,-6%
12/07/2022,20%,-10%,-10%,-10%,20%,2%,-10%,-9%,6%,20%,-5%,20%,11%,20%,20%,20%,1%,-10%,-10%,14%
13/07/2022,20%,-10%,-10%,-10%,20%,-3%,-10%,-10%,9%,20%,-5%,20%,-10%,20%,20%,20%,20%,19%,-10%,-10%
14/07/2022,20%,-10%,-10%,-10%,20%,-6%,-3%,-10%,12%,-10%,9%,20%,-10%,20%,20%,20%,18%,20%,-1%,-10%
15/07/2022,20%,-10%,3%,-10%,4%,4%,7%,-10%,-3%,-10%,15%,20%,11%,20%,20%,20%,-1%,20%,-10%,-10%
18/07/2022,-10%,20%,-10%,20%,20%,-10%,-10%,20%,-10%,20%,-10%,20%,-10%,-10%,-10%,20%,20%,-10%,20%,20%
19/07/2022,-8%,-10%,20%,-10%,0%,-3%,11%,-10%,20%,-7%,13%,20%,20%,20%,13%,-10%,-10%,20%,20%,-10%
20/07/2022,-10%,-10%,20%,-10%,20%,-2%,18%,-10%,20%,20%,6%,-7%,20%,20%,20%,-10%,-10%,-8%,19%,-6%
21/07/2022,-3%,-3%,20%,-7%,20%,2%,20%,-10%,-10%,-2%,9%,3%,20%,20%,20%,-10%,-10%,0%,15%,5%
22/07/2022,16%,-10%,20%,-10%,20%,20%,4%,-10%,-9%,4%,2%,-4%,9%,20%,17%,-10%,-10%,20%,20%,-10%
25/07/2022,14%,-10%,20%,-10%,20%,20%,-10%,-10%,-9%,20%,-1%,-10%,-1%,20%,20%,-10%,3%,20%,20%,-6%
26/07/2022,-3%,-10%,-10%,-10%,20%,20%,-10%,-10%,20%,5%,7%,4%,-10%,6%,20%,20%,18%,20%,-10%,14%
27/07/2022,20%,-10%,-10%,-10%,20%,-7%,-10%,-10%,20%,20%,20%,-10%,-6%,-10%,13%,20%,20%,20%,-10%,20%
28/07/2022,20%,1%,16%,-8%,-10%,-10%,-10%,19%,-10%,15%,-10%,15%,15%,14%,-10%,15%,16%,16%,15%,-9%
29/07/2022,20%,20%,-4%,-8%,-10%,-10%,20%,20%,-10%,12%,18%,11%,12%,10%,-10%,10%,8%,11%,-10%,-9%
01/08/2022,20%,20%,15%,-10%,-10%,-9%,-10%,19%,14%,13%,17%,13%,-10%,14%,-10%,11%,10%,12%,-10%,-10%
02/08/2022,13%,20%,20%,-10%,20%,20%,-3%,20%,20%,-10%,-4%,-10%,-10%,20%,10%,-10%,-10%,-6%,20%,-10%
03/08/2022,20%,-10%,20%,17%,20%,15%,-4%,20%,9%,-10%,3%,-10%,7%,20%,-10%,4%,-10%,-10%,20%,-10%
04/08/2022,20%,19%,20%,20%,-10%,13%,20%,20%,-5%,-10%,20%,-10%,-10%,20%,-10%,-7%,-10%,-10%,20%,-10%
05/08/2022,17%,-10%,20%,11%,-10%,5%,-10%,20%,2%,20%,20%,20%,-9%,20%,10%,-7%,-10%,-10%,10%,-10%
08/08/2022,20%,3%,20%,-2%,-10%,-10%,-10%,6%,3%,20%,16%,20%,4%,20%,-10%,20%,-6%,-10%,14%,-8%
09/08/2022,20%,20%,20%,-10%,-10%,-10%,-10%,20%,-10%,20%,-10%,20%,-10%,-10%,-10%,20%,20%,-10%,20%,20%
10/08/2022,17%,20%,-10%,-10%,-10%,-10%,-10%,20%,7%,20%,-10%,-10%,20%,20%,-10%,20%,5%,-3%,20%,14%
11/08/2022,20%,18%,-10%,-10%,-2%,1%,-10%,16%,-10%,20%,-10%,-10%,20%,-1%,-10%,20%,18%,-1%,20%,20%
12/08/2022,20%,20%,-9%,-2%,2%,-6%,-5%,20%,-8%,20%,-7%,-10%,20%,-10%,-10%,20%,-3%,8%,20%,19%
15/08/2022,11%,-3%,-10%,20%,-3%,6%,18%,-2%,-10%,20%,0%,-10%,20%,14%,-5%,4%,-10%,20%,20%,1%
16/08/2022,6%,-10%,-9%,3%,20%,7%,5%,-10%,2%,20%,-10%,20%,20%,20%,-10%,11%,-8%,20%,0%,3%
17/08/2022,20%,-6%,1%,-5%,20%,11%,1%,-10%,20%,20%,-10%,20%,-10%,20%,-10%,20%,-10%,20%,-4%,-8%
18/08/2022,20%,-10%,-10%,-10%,20%,4%,-4%,-10%,15%,-10%,-6%,20%,0%,20%,16%,20%,-10%,20%,20%,-5%
19/08/2022,20%,-10%,-10%,-10%,-6%,-4%,-10%,-10%,20%,-10%,5%,9%,-5%,20%,9%,20%,12%,20%,20%,20%
22/08/2022,20%,-5%,-10%,-10%,-10%,0%,-10%,-10%,20%,-10%,6%,8%,-10%,2%,20%,20%,20%,20%,20%,20%
23/08/2022,4%,-10%,-10%,-10%,-10%,6%,-10%,-10%,20%,-10%,20%,20%,-10%,-10%,20%,20%,20%,20%,20%,20%
24/08/2022,20%,-10%,-10%,-10%,20%,20%,-10%,-10%,20%,-10%,-10%,20%,-10%,-10%,-10%,20%,20%,20%,20%,20%
25/08/2022,7%,-10%,-5%,20%,20%,16%,2%,20%,15%,20%,20%,-10%,-5%,-10%,-10%,-10%,-10%,20%,-10%,20%
26/08/2022,20%,-10%,20%,20%,20%,20%,20%,20%,-10%,20%,-3%,-10%,-10%,-10%,-10%,2%,-10%,0%,-10%,20%
29/08/2022,-10%,-10%,15%,-10%,20%,-10%,-10%,-10%,20%,20%,20%,20%,20%,-10%,-10%,20%,20%,20%,-10%,-5%
30/08/2022,-10%,-10%,20%,-10%,20%,-10%,-10%,-10%,20%,20%,-10%,20%,20%,-10%,20%,20%,20%,-10%,-10%,20%
31/08/2022,-10%,-10%,-10%,-10%,20%,20%,-10%,-10%,20%,20%,-10%,20%,20%,-10%,20%,20%,20%,-10%,20%,-10%
01/09/2022,-10%,-10%,-10%,20%,-10%,-10%,-10%,20%,20%,20%,-10%,20%,20%,20%,11%,-1%,20%,-10%,20%,-10%
02/09/2022,-10%,-10%,10%,20%,-10%,-10%,-10%,20%,-10%,20%,-10%,-10%,20%,20%,19%,20%,20%,1%,20%,-10%
06/09/2022,-10%,-10%,-2%,-4%,-10%,1%,-10%,-10%,19%,20%,8%,8%,-10%,20%,20%,20%,20%,20%,20%,-10%
07/09/2022,-10%,-10%,15%,-10%,-10%,1%,-10%,19%,4%,20%,10%,5%,-10%,20%,7%,20%,16%,20%,14%,-10%
08/09/2022,-10%,-10%,20%,-10%,-10%,8%,-10%,-10%,10%,20%,20%,-7%,20%,20%,20%,18%,9%,20%,-8%,-10%
09/09/2022,-10%,-10%,10%,-10%,3%,12%,-6%,0%,-3%,20%,10%,6%,15%,20%,18%,0%,10%,20%,-10%,5%
12/09/2022,-10%,17%,20%,-10%,14%,13%,-2%,-5%,-7%,20%,11%,2%,20%,3%,-8%,3%,0%,18%,-10%,10%
13/09/2022,20%,20%,12%,-10%,-10%,20%,-10%,-10%,-1%,20%,-4%,-4%,20%,-10%,10%,20%,7%,0%,-10%,20%
14/09/2022,20%,-10%,11%,-10%,20%,20%,-10%,-10%,-10%,-9%,20%,20%,-10%,-10%,7%,20%,20%,11%,-10%,20%
15/09/2022,20%,-10%,-10%,-10%,20%,20%,-10%,-10%,20%,20%,4%,-10%,20%,-10%,-10%,20%,20%,20%,-10%,6%
16/09/2022,-10%,-10%,-10%,-10%,20%,20%,-10%,-10%,20%,20%,20%,20%,20%,-10%,-10%,20%,20%,20%,-10%,-10%
19/09/2022,13%,-10%,-10%,-9%,12%,18%,8%,-10%,20%,20%,-3%,-10%,20%,20%,-10%,20%,20%,11%,-10%,-10%
20/09/2022,20%,-10%,-10%,-10%,20%,15%,11%,-10%,20%,20%,-10%,-10%,20%,20%,-10%,20%,20%,4%,-10%,-10%
21/09/2022,20%,20%,-10%,-8%,20%,20%,20%,-10%,20%,-10%,0%,-10%,-9%,20%,2%,20%,20%,-5%,-10%,-10%
22/09/2022,20%,20%,-10%,20%,20%,16%,-10%,-6%,20%,-10%,-10%,-10%,-10%,20%,-10%,20%,20%,20%,-10%,-10%
23/09/2022,20%,20%,-10%,20%,20%,-10%,-10%,-8%,20%,-10%,-10%,18%,-10%,20%,-10%,20%,20%,20%,-10%,-10%
26/09/2022,20%,20%,-10%,20%,20%,-10%,-10%,20%,20%,-10%,-10%,-10%,-10%,20%,-10%,20%,20%,20%,-10%,-10%
27/09/2022,20%,20%,-10%,20%,20%,-10%,-10%,9%,20%,-10%,1%,-10%,-10%,20%,-10%,20%,20%,20%,-10%,-10%
28/09/2022,-10%,19%,12%,-10%,20%,0%,8%,20%,5%,-10%,-10%,-10%,-10%,20%,-10%,19%,18%,20%,18%,-10%
29/09/2022,-10%,15%,20%,-10%,20%,13%,-10%,3%,7%,-10%,-10%,-10%,-10%,20%,-10%,20%,1%,20%,20%,20%
30/09/2022,-10%,1%,9%,-8%,20%,-4%,2%,-10%,20%,0%,-10%,20%,-10%,20%,-10%,20%,-10%,20%,20%,20%
03/10/2022,-10%,-6%,6%,-10%,20%,-10%,-4%,20%,13%,20%,-9%,20%,-7%,20%,-2%,20%,-10%,20%,-10%,20%
04/10/2022,-10%,2%,2%,-10%,20%,-10%,-9%,9%,13%,20%,10%,20%,6%,20%,6%,20%,-10%,-10%,-10%,20%
05/10/2022,-10%,9%,5%,-10%,14%,-10%,-1%,10%,16%,20%,20%,-5%,-8%,20%,20%,20%,-10%,-10%,-10%,20%
06/10/2022,-2%,9%,3%,-5%,1%,-10%,-5%,20%,0%,3%,20%,-4%,2%,20%,12%,5%,4%,16%,-10%,20%
07/10/2022,-10%,14%,-6%,-2%,-10%,-10%,-10%,20%,-10%,-10%,20%,20%,-3%,20%,20%,20%,7%,20%,-10%,20%
10/10/2022,20%,-10%,-10%,9%,-9%,-10%,-10%,20%,0%,-10%,-10%,20%,-10%,20%,20%,20%,20%,20%,-10%,20%
11/10/2022,11%,-10%,-10%,14%,20%,-10%,-10%,20%,-5%,-10%,-10%,20%,-10%,20%,-10%,20%,20%,20%,0%,20%
12/10/2022,-10%,-10%,-10%,20%,-10%,-10%,-10%,8%,17%,7%,-10%,20%,-10%,20%,-10%,20%,20%,20%,19%,20%
13/10/2022,20%,-10%,-10%,18%,20%,-2%,-10%,-10%,9%,20%,-10%,-4%,-5%,-10%,-10%,20%,20%,14%,20%,20%
14/10/2022,2%,7%,-10%,-10%,20%,-3%,-9%,-10%,20%,20%,-10%,20%,20%,-10%,-10%,20%,18%,20%,15%,-10%
17/10/2022,-2%,20%,-10%,-10%,13%,-8%,-7%,13%,20%,20%,-3%,20%,20%,-10%,-4%,20%,-3%,4%,16%,-10%
18/10/2022,1%,20%,-10%,0%,20%,-2%,-5%,-10%,12%,20%,-8%,8%,20%,-10%,17%,20%,-3%,8%,12%,-10%
19/10/2022,-3%,-10%,20%,2%,18%,-2%,-8%,-10%,20%,20%,-8%,8%,20%,-10%,20%,20%,-3%,-5%,20%,-10%
20/10/2022,16%,7%,20%,20%,-10%,11%,15%,-8%,19%,20%,-10%,17%,20%,-10%,-10%,20%,-10%,-8%,-10%,-10%
21/10/2022,18%,-10%,20%,-10%,-10%,-10%,2%,-10%,17%,20%,9%,20%,20%,-10%,-4%,20%,2%,7%,-10%,20%
24/10/2022,19%,20%,1%,-10%,-10%,-10%,2%,-10%,20%,20%,19%,3%,-10%,-10%,-10%,20%,15%,20%,-10%,20%
25/10/2022,12%,20%,-4%,10%,4%,-10%,5%,-10%,9%,20%,8%,-1%,-8%,20%,-10%,20%,2%,20%,-10%,2%
26/10/2022,-4%,-10%,-10%,-10%,3%,4%,-6%,-10%,4%,20%,11%,20%,-9%,20%,19%,20%,3%,20%,-1%,15%
27/10/2022,-10%,-10%,-10%,-10%,14%,4%,0%,-10%,8%,3%,3%,20%,-1%,20%,20%,20%,7%,20%,-7%,20%
28/10/2022,-10%,-10%,-10%,-10%,20%,5%,3%,-10%,10%,17%,5%,20%,-10%,20%,20%,20%,-10%,20%,-10%,20%
31/10/2022,-2%,-10%,-10%,-10%,5%,2%,-6%,-10%,18%,20%,7%,20%,-10%,20%,20%,20%,-10%,20%,-4%,20%
01/11/2022,2%,-10%,-10%,-10%,20%,1%,2%,-10%,16%,20%,4%,18%,-10%,20%,20%,20%,-10%,8%,-10%,20%
02/11/2022,20%,-10%,-10%,-10%,7%,1%,-4%,-10%,20%,20%,9%,-10%,0%,20%,20%,20%,-10%,19%,-7%,14%
03/11/2022,-10%,-10%,-10%,-10%,-10%,-2%,7%,-10%,20%,20%,-4%,-10%,20%,-4%,12%,20%,20%,20%,20%,20%
04/11/2022,-10%,-10%,-10%,-10%,-6%,-10%,20%,-10%,17%,20%,13%,-10%,20%,-10%,-4%,20%,20%,20%,20%,20%
07/11/2022,-10%,12%,-10%,-10%,-10%,-10%,20%,-10%,15%,20%,13%,-10%,20%,-10%,-10%,20%,10%,20%,20%,20%
08/11/2022,-10%,20%,-10%,9%,-10%,-10%,17%,-10%,10%,20%,19%,-10%,-4%,0%,-7%,20%,4%,20%,12%,20%
09/11/2022,-10%,20%,-10%,20%,16%,-10%,-6%,20%,-10%,20%,20%,-10%,-10%,20%,12%,20%,3%,2%,-10%,3%
10/11/2022,-10%,8%,9%,20%,20%,-10%,-10%,20%,-8%,4%,20%,-5%,-2%,20%,-10%,20%,-1%,16%,9%,-10%
11/11/2022,10%,20%,20%,20%,20%,-10%,4%,20%,-10%,9%,17%,-10%,-10%,20%,-10%,-2%,-7%,-10%,20%,-10%
14/11/2022,14%,19%,20%,20%,20%,-8%,3%,20%,-10%,4%,13%,-10%,-10%,20%,-10%,-5%,0%,-10%,20%,-10%
15/11/2022,16%,-10%,20%,20%,20%,-1%,8%,20%,-10%,-10%,13%,20%,-10%,20%,-10%,-5%,0%,-10%,20%,-10%
16/11/2022,11%,-10%,-10%,20%,20%,-1%,-9%,20%,-10%,-10%,12%,20%,-10%,20%,19%,-2%,18%,-10%,20%,-9%
17/11/2022,17%,-10%,-10%,20%,20%,-10%,-10%,20%,-10%,-10%,0%,20%,-10%,14%,13%,20%,15%,20%,2%,-10%
18/11/2022,20%,-10%,-10%,20%,4%,-10%,-10%,4%,20%,4%,3%,20%,-10%,20%,-4%,20%,4%,17%,7%,-10%
21/11/2022,13%,20%,-10%,-10%,20%,-10%,-10%,-10%,20%,20%,3%,-10%,-10%,20%,0%,20%,17%,20%,5%,-8%
22/11/2022,2%,20%,-10%,-10%,20%,-10%,-6%,-10%,14%,10%,18%,-10%,-10%,20%,-7%,20%,20%,13%,20%,-3%
23/11/2022,-10%,18%,-10%,-10%,20%,-10%,5%,-10%,18%,20%,18%,-10%,-10%,20%,7%,20%,20%,-10%,20%,-6%
25/11/2022,-10%,20%,-10%,-10%,20%,-1%,11%,-10%,5%,20%,12%,-10%,-10%,20%,13%,20%,14%,4%,10%,-9%
28/11/2022,-10%,-10%,2%,-10%,7%,20%,5%,-10%,20%,20%,2%,20%,-10%,20%,20%,20%,-5%,20%,-10%,-10%
29/11/2022,-10%,-10%,14%,-10%,20%,20%,-10%,-10%,20%,20%,-4%,20%,-10%,-10%,11%,20%,-4%,20%,20%,-7%
30/11/2022,-10%,-10%,17%,-10%,-1%,0%,-10%,15%,20%,20%,16%,20%,-10%,7%,-10%,20%,-4%,20%,20%,-10%
01/12/2022,-10%,20%,-10%,20%,-10%,14%,4%,20%,-6%,-7%,20%,-10%,-10%,-5%,20%,20%,-1%,20%,20%,-10%
02/12/2022,-10%,20%,-10%,13%,-10%,7%,3%,20%,-9%,-4%,11%,-10%,-10%,20%,20%,16%,3%,20%,20%,-10%
05/12/2022,19%,20%,-10%,12%,-10%,8%,3%,20%,4%,-10%,-3%,-10%,-10%,20%,20%,16%,14%,17%,-10%,-10%
06/12/2022,20%,-9%,-10%,4%,20%,-10%,-10%,-10%,20%,-10%,-8%,5%,-10%,20%,20%,20%,20%,20%,-10%,17%
07/12/2022,-1%,8%,-10%,-10%,20%,-10%,-10%,-10%,20%,20%,-10%,-7%,-10%,20%,20%,20%,20%,20%,-10%,20%
08/12/2022,-10%,0%,-10%,-10%,4%,-10%,12%,-10%,20%,20%,16%,-10%,-10%,20%,20%,20%,20%,20%,-10%,8%
09/12/2022,-10%,-10%,1%,-10%,20%,-6%,20%,-10%,20%,20%,20%,-10%,-10%,20%,0%,20%,15%,20%,0%,-10%
12/12/2022,-10%,14%,4%,-10%,2%,-10%,20%,-10%,14%,20%,20%,20%,-10%,20%,-7%,20%,-1%,-7%,20%,-10%
13/12/2022,-2%,20%,13%,-10%,20%,-10%,20%,-10%,-10%,20%,20%,19%,-10%,20%,-10%,20%,-9%,-10%,20%,-10%
14/12/2022,-10%,20%,-3%,20%,20%,-10%,-4%,-8%,-10%,11%,20%,20%,-10%,20%,3%,20%,-7%,-10%,20%,-2%
15/12/2022,-10%,20%,1%,-3%,-10%,-10%,-6%,-10%,-10%,0%,20%,15%,-10%,20%,9%,20%,4%,20%,20%,20%
16/12/2022,-10%,20%,16%,-10%,-10%,-10%,-10%,20%,-10%,-10%,20%,-10%,4%,20%,-10%,20%,10%,20%,20%,20%
19/12/2022,-10%,-10%,-10%,-10%,-10%,-10%,-10%,-10%,20%,20%,20%,20%,20%,-10%,-10%,20%,20%,20%,20%,20%
20/12/2022,-10%,-10%,-10%,-10%,20%,-10%,-10%,-10%,20%,20%,-10%,20%,20%,-10%,20%,20%,20%,20%,-10%,20%
21/12/2022,-10%,-10%,-10%,-10%,20%,-10%,-10%,7%,13%,20%,15%,8%,20%,-10%,20%,20%,-3%,20%,-10%,20%
22/12/2022,-3%,-10%,-10%,-10%,20%,-10%,-10%,-10%,20%,20%,12%,20%,20%,-10%,-9%,20%,19%,20%,-10%,20%
23/12/2022,-10%,-10%,1%,19%,20%,-10%,-10%,-10%,17%,4%,9%,14%,4%,12%,0%,20%,-1%,20%,-10%,20%
27/12/2022,-10%,-10%,-10%,-10%,10%,-10%,-10%,-10%,20%,-5%,18%,11%,3%,20%,16%,20%,2%,20%,14%,20%
28/12/2022,-10%,-10%,-10%,-10%,-10%,-10%,-10%,-10%,20%,20%,5%,20%,20%,20%,20%,20%,10%,19%,0%,7%
29/12/2022,-10%,-7%,-10%,-10%,20%,-10%,-10%,20%,11%,20%,9%,20%,20%,20%,20%,-3%,-10%,20%,-9%,-1%